City,Code,Type,Line,Station
3310,413101784816,地铁,4,市民中心
3310,413101784817,地铁,4,市民中心
3310,413101784818,地铁,4,市民中心
3310,413101784819,地铁,4,市民中心
3310,413101784820,地铁,4,市民中心
3310,413101784821,地铁,4,市民中心
3310,413101784822,地铁,4,市民中心
3310,413101784823,地铁,4,市民中心
3310,413101784824,地铁,4,市民中心
3310,413101784825,地铁,4,市民中心
3310,413101784826,地铁,4,市民中心
3310,413101784827,地铁,4,市民中心
3310,413101784828,地铁,4,市民中心
3310,413101784829,地铁,4,市民中心
3310,413101784830,地铁,4,市民中心
3310,413101784831,地铁,4,市民中心
3310,413101784832,地铁,4,市民中心
3310,413101784833,地铁,4,市民中心
3310,413101784834,地铁,4,市民中心
3310,413101784835,地铁,4,市民中心
3310,413101784836,地铁,4,市民中心
3310,413101784837,地铁,4,市民中心
3310,413101784838,地铁,4,市民中心
3310,413101784839,地铁,4,市民中心
3310,413101784840,地铁,4,市民中心
3310,413101784841,地铁,4,市民中心
3310,413101784842,地铁,4,市民中心
3310,413101784843,地铁,4,市民中心
3310,413101784844,地铁,4,市民中心
3310,413101784845,地铁,4,市民中心
3310,413101784846,地铁,4,市民中心
3310,413101784847,地铁,4,市民中心
3310,413101784848,地铁,4,市民中心
3310,413101784849,地铁,4,市民中心
3310,413101784850,地铁,4,市民中心
3310,413101784853,地铁,4,城星路
3310,413101784854,地铁,4,城星路
3310,413101784855,地铁,4,城星路
3310,413101784856,地铁,4,城星路
3310,413101784857,地铁,4,城星路
3310,413101784858,地铁,4,城星路
3310,413101784859,地铁,4,城星路
3310,413101784860,地铁,4,城星路
3310,413101784861,地铁,4,城星路
3310,413101784862,地铁,4,城星路
3310,413101784863,地铁,4,城星路
3310,413101784864,地铁,4,城星路
3310,413101784865,地铁,4,城星路
3310,413101784866,地铁,4,城星路
3310,413101784867,地铁,4,城星路
3310,413101784868,地铁,4,城星路
3310,413101784869,地铁,4,城星路
3310,413101784870,地铁,4,城星路
3310,413101784871,地铁,4,城星路
3310,413101784872,地铁,4,城星路
3310,413101784873,地铁,4,城星路
3310,413101784874,地铁,4,城星路
3310,413101784875,地铁,4,城星路
3310,413101784876,地铁,4,城星路
3310,413101784877,地铁,4,城星路
3310,413101784878,地铁,4,城星路
3310,413101784879,地铁,4,城星路
3310,413101784880,地铁,4,城星路
3310,413101784881,地铁,4,城星路
3310,413101784882,地铁,4,城星路
3310,413101784883,地铁,4,城星路
3310,413101784884,地铁,4,城星路
3310,413101784885,地铁,4,城星路
3310,413101784886,地铁,4,城星路
3310,413101784887,地铁,4,城星路
3310,413101784888,地铁,4,城星路
3310,413101784889,地铁,4,城星路
3310,413101784890,地铁,4,城星路
3310,413101784892,地铁,4,甬江路
3310,413101784893,地铁,4,甬江路
3310,413101784894,地铁,4,甬江路
3310,413101784895,地铁,4,甬江路
3310,413101784896,地铁,4,甬江路
3310,413101784897,地铁,4,甬江路
3310,413101784898,地铁,4,甬江路
3310,413101784899,地铁,4,甬江路
3310,413101784900,地铁,4,甬江路
3310,413101784901,地铁,4,甬江路
3310,413101784902,地铁,4,甬江路
3310,413101784903,地铁,4,甬江路
3310,413101784904,地铁,4,甬江路
3310,413101784905,地铁,4,甬江路
3310,413101784906,地铁,4,甬江路
3310,413101784907,地铁,4,甬江路
3310,413101784908,地铁,4,甬江路
3310,413101784909,地铁,4,甬江路
3310,413101784910,地铁,4,甬江路
3310,413101784911,地铁,4,甬江路
3310,413101784912,地铁,4,甬江路
3310,413101784913,地铁,4,甬江路
3310,413101784914,地铁,4,甬江路
3310,413101784916,地铁,4,南星桥
3310,413101784917,地铁,4,南星桥
3310,413101784918,地铁,4,南星桥
3310,413101784919,地铁,4,南星桥
3310,413101784920,地铁,4,南星桥
3310,413101784921,地铁,4,南星桥
3310,413101784922,地铁,4,南星桥
3310,413101784923,地铁,4,南星桥
3310,413101784924,地铁,4,南星桥
3310,413101784925,地铁,4,南星桥
3310,413101784926,地铁,4,南星桥
3310,413101784927,地铁,4,南星桥
3310,413101784928,地铁,4,南星桥
3310,413101784929,地铁,4,南星桥
3310,413101784930,地铁,4,南星桥
3310,413101784931,地铁,4,南星桥
3310,413101784932,地铁,4,南星桥
3310,413101784933,地铁,4,南星桥
3310,413101784934,地铁,4,南星桥
3310,413101784935,地铁,4,南星桥
3310,413101784936,地铁,4,南星桥
3310,413101784937,地铁,4,南星桥
3310,413101784938,地铁,4,南星桥
3310,413101784939,地铁,4,南星桥
3310,413101784940,地铁,4,南星桥
3310,413101784941,地铁,4,南星桥
3310,413101784942,地铁,4,南星桥
3310,413101784943,地铁,4,南星桥
3310,413101784944,地铁,4,南星桥
3310,413101784945,地铁,4,南星桥
3310,413101784946,地铁,4,南星桥
3310,413101784947,地铁,4,南星桥
3310,413101784948,地铁,4,南星桥
3310,413101784949,地铁,4,南星桥
3310,413101784950,地铁,4,南星桥
3310,413101784951,地铁,4,南星桥
3310,413101784952,地铁,4,南星桥
3310,413101784953,地铁,4,南星桥
3310,413101784954,地铁,4,南星桥
3310,413101784956,地铁,4,复兴路
3310,413101784957,地铁,4,复兴路
3310,413101784958,地铁,4,复兴路
3310,413101784959,地铁,4,复兴路
3310,413101784960,地铁,4,复兴路
3310,413101784961,地铁,4,复兴路
3310,413101784962,地铁,4,复兴路
3310,413101784963,地铁,4,复兴路
3310,413101784964,地铁,4,复兴路
3310,413101784965,地铁,4,复兴路
3310,413101784966,地铁,4,复兴路
3310,413101784967,地铁,4,复兴路
3310,413101784968,地铁,4,复兴路
3310,413101784969,地铁,4,复兴路
3310,413101784970,地铁,4,复兴路
3310,413101784971,地铁,4,复兴路
3310,413101784972,地铁,4,复兴路
3310,413101784973,地铁,4,复兴路
3310,413101784974,地铁,4,复兴路
3310,413101784975,地铁,4,复兴路
3310,413101784976,地铁,4,复兴路
3310,413101784977,地铁,4,复兴路
3310,413101784978,地铁,4,复兴路
3310,413101784979,地铁,4,复兴路
3310,413101784980,地铁,4,复兴路
3310,413101784981,地铁,4,复兴路
3310,413101784984,地铁,4,水澄桥
3310,413101784985,地铁,4,水澄桥
3310,413101784986,地铁,4,水澄桥
3310,413101784987,地铁,4,水澄桥
3310,413101784988,地铁,4,水澄桥
3310,413101784989,地铁,4,水澄桥
3310,413101784990,地铁,4,水澄桥
3310,413101784991,地铁,4,水澄桥
3310,413101784992,地铁,4,水澄桥
3310,413101784993,地铁,4,水澄桥
3310,413101784994,地铁,4,水澄桥
3310,413101784995,地铁,4,水澄桥
3310,413101784996,地铁,4,水澄桥
3310,413101784997,地铁,4,水澄桥
3310,413101784998,地铁,4,水澄桥
3310,413101784999,地铁,4,水澄桥
3310,413101785000,地铁,4,水澄桥
3310,413101785001,地铁,4,水澄桥
3310,413101785002,地铁,4,水澄桥
3310,413101785003,地铁,4,水澄桥
3310,413101785004,地铁,4,水澄桥
3310,413101785005,地铁,4,水澄桥
3310,413101785007,地铁,4,联庄
3310,413101785008,地铁,4,联庄
3310,413101785009,地铁,4,联庄
3310,413101785010,地铁,4,联庄
3310,413101785011,地铁,4,联庄
3310,413101785012,地铁,4,联庄
3310,413101785013,地铁,4,联庄
3310,413101785014,地铁,4,联庄
3310,413101785015,地铁,4,联庄
3310,413101785016,地铁,4,联庄
3310,413101785017,地铁,4,联庄
3310,413101785018,地铁,4,联庄
3310,413101785019,地铁,4,联庄
3310,413101785020,地铁,4,联庄
3310,413101785021,地铁,4,联庄
3310,413101785022,地铁,4,联庄
3310,413101785023,地铁,4,联庄
3310,413101785024,地铁,4,联庄
3310,413101785025,地铁,4,联庄
3310,413101785026,地铁,4,联庄
3310,413101785027,地铁,4,联庄
3310,413101785028,地铁,4,联庄
3310,413101785029,地铁,4,联庄
3310,413101785030,地铁,4,联庄
3310,413101785031,地铁,4,联庄
3310,413101785033,地铁,1,文海南路
3310,413101785034,地铁,1,文海南路
3310,413101785035,地铁,1,文海南路
3310,413101785036,地铁,1,文海南路
3310,413101785037,地铁,1,文海南路
3310,413101785038,地铁,1,文海南路
3310,413101785039,地铁,1,文海南路
3310,413101785040,地铁,1,文海南路
3310,413101785041,地铁,1,文海南路
3310,413101785042,地铁,1,文海南路
3310,413101785043,地铁,1,文海南路
3310,413101785044,地铁,1,文海南路
3310,413101785045,地铁,1,文海南路
3310,413101785046,地铁,1,文海南路
3310,413101785047,地铁,1,文海南路
3310,413101785048,地铁,1,文海南路
3310,413101785049,地铁,1,文海南路
3310,413101785050,地铁,1,文海南路
3310,413101785051,地铁,1,文海南路
3310,413101785052,地铁,1,文海南路
3310,413101785053,地铁,1,文海南路
3310,413101785054,地铁,1,文海南路
3310,413101785055,地铁,1,文海南路
3310,413101785056,地铁,1,文海南路
3310,413101785057,地铁,1,文海南路
3310,413101785058,地铁,1,文海南路
3310,413101785059,地铁,1,文海南路
3310,413101785060,地铁,1,文海南路
3310,413101785061,地铁,1,文海南路
3310,413101785062,地铁,1,文海南路
3310,413101785063,地铁,1,文海南路
3310,413101785064,地铁,1,文海南路
3310,413101785065,地铁,1,文海南路
3310,413101785066,地铁,1,文海南路
3310,413101785067,地铁,1,文海南路
3310,413101785068,地铁,1,文海南路
3310,413101785069,地铁,1,文海南路
3310,413101785070,地铁,1,文海南路
3310,413101785071,地铁,1,文海南路
3310,413101785072,地铁,1,文海南路
3310,413101785074,地铁,9,余杭高铁站
3310,413101785085,地铁,1,云水
3310,413101785086,地铁,1,云水
3310,413101785087,地铁,1,云水
3310,413101785088,地铁,1,云水
3310,413101785089,地铁,1,云水
3310,413101785090,地铁,1,云水
3310,413101785091,地铁,1,云水
3310,413101785092,地铁,1,云水
3310,413101785093,地铁,1,云水
3310,413101785094,地铁,1,下沙江滨
3310,413101785095,地铁,1,下沙江滨
3310,413101785096,地铁,1,下沙江滨
3310,413101785097,地铁,1,下沙江滨
3310,413101785098,地铁,1,下沙江滨
3310,413101785099,地铁,1,下沙江滨
3310,413101785102,地铁,1,云水
3310,413101785103,地铁,1,云水
3310,413101785104,地铁,1,云水
3310,413101785105,地铁,1,云水
3310,413101785106,地铁,1,云水
3310,413101785107,地铁,1,云水
3310,413101785108,地铁,1,云水
3310,413101785109,地铁,1,云水
3310,413101785110,地铁,1,云水
3310,413101785111,地铁,1,云水
3310,413101785112,地铁,1,云水
3310,413101785113,地铁,1,云水
3310,413101785120,地铁,1,下沙江滨
3310,413101785121,地铁,1,下沙江滨
3310,413101785122,地铁,1,下沙江滨
3310,413101785123,地铁,1,下沙江滨
3310,413101785124,地铁,1,下沙江滨
3310,413101785125,地铁,1,下沙江滨
3310,413101785126,地铁,1,下沙江滨
3310,413101785127,地铁,1,下沙江滨
3310,413101785128,地铁,1,下沙江滨
3310,413101785129,地铁,1,下沙江滨
3310,413101785130,地铁,1,下沙江滨
3310,413101785131,地铁,1,下沙江滨
3310,413101785135,地铁,4,浦沿
3310,413101785136,地铁,9,乔司
3310,413101785137,地铁,4,杨家墩
3310,413101785138,地铁,4,杨家墩
3310,413101785139,地铁,4,杨家墩
3310,413101785140,地铁,4,杨家墩
3310,413101785141,地铁,4,杨家墩
3310,413101785145,地铁,4,浦沿
3310,413101785146,地铁,4,浦沿
3310,413101785147,地铁,4,浦沿
3310,413101785148,地铁,4,浦沿
3310,413101785149,地铁,4,浦沿
3310,413101785150,地铁,4,浦沿
3310,413101785151,地铁,4,浦沿
3310,413101785152,地铁,4,浦沿
3310,413101785153,地铁,4,浦沿
3310,413101785154,地铁,4,浦沿
3310,413101785155,地铁,4,浦沿
3310,413101785156,地铁,4,浦沿
3310,413101785157,地铁,4,浦沿
3310,413101785158,地铁,4,浦沿
3310,413101785159,地铁,4,浦沿
3310,413101785160,地铁,4,浦沿
3310,413101785161,地铁,4,浦沿
3310,413101785162,地铁,4,浦沿
3310,413101785165,地铁,4,中医药大学
3310,413101785169,地铁,4,杨家墩
3310,413101785170,地铁,4,杨家墩
3310,413101785171,地铁,4,杨家墩
3310,413101785172,地铁,4,杨家墩
3310,413101785173,地铁,4,杨家墩
3310,413101785174,地铁,4,杨家墩
3310,413101785175,地铁,4,杨家墩
3310,413101785176,地铁,4,杨家墩
3310,413101785177,地铁,4,杨家墩
3310,413101785178,地铁,4,杨家墩
3310,413101785179,地铁,4,杨家墩
3310,413101785180,地铁,4,杨家墩
3310,413101785187,地铁,4,中医药大学
3310,413101785188,地铁,4,中医药大学
3310,413101785189,地铁,4,中医药大学
3310,413101785190,地铁,4,中医药大学
3310,413101785191,地铁,4,中医药大学
3310,413101785192,地铁,4,中医药大学
3310,413101785193,地铁,4,中医药大学
3310,413101785194,地铁,4,中医药大学
3310,413101785195,地铁,4,中医药大学
3310,413101785196,地铁,4,中医药大学
3310,413101785197,地铁,4,中医药大学
3310,413101785198,地铁,4,中医药大学
3310,413101785199,地铁,4,中医药大学
3310,413101785200,地铁,4,中医药大学
3310,413101785201,地铁,4,中医药大学
3310,413101785202,地铁,4,中医药大学
3310,413101785203,地铁,4,中医药大学
3310,413101785204,地铁,4,中医药大学
3310,413101785205,地铁,4,中医药大学
3310,413101785206,地铁,4,中医药大学
3310,413101785207,地铁,4,中医药大学
3310,413101785208,地铁,4,中医药大学
3310,413101785209,地铁,4,中医药大学
3310,413101785210,地铁,4,中医药大学
3310,413101785211,地铁,4,中医药大学
3310,413101785212,地铁,4,中医药大学
3310,413101785213,地铁,4,中医药大学
3310,413101785214,地铁,4,中医药大学
3310,413101785215,地铁,4,中医药大学
3310,413101785216,地铁,4,中医药大学
3310,413101785217,地铁,4,中医药大学
3310,413101785233,地铁,5,候潮门
3310,413101785234,地铁,5,候潮门
3310,413101785235,地铁,5,候潮门
3310,413101785236,地铁,5,候潮门
3310,413101785237,地铁,5,候潮门
3310,413101785238,地铁,5,候潮门
3310,413101785239,地铁,5,候潮门
3310,413101785240,地铁,5,候潮门
3310,413101785241,地铁,5,候潮门
3310,413101785436,地铁,5,育才北路
3310,413101785437,地铁,5,育才北路
3310,413101785438,地铁,5,育才北路
3310,413101785439,地铁,5,育才北路
3310,413101785440,地铁,5,育才北路
3310,413101785441,地铁,5,育才北路
3310,413101785442,地铁,5,育才北路
3310,413101785443,地铁,5,育才北路
3310,413101785444,地铁,5,育才北路
3310,413101785445,地铁,5,育才北路
3310,413101785446,地铁,5,育才北路
3310,413101785447,地铁,5,育才北路
3310,413101785448,地铁,5,育才北路
3310,413101785449,地铁,5,育才北路
3310,413101785450,地铁,5,育才北路
3310,413101785451,地铁,5,育才北路
3310,413101785452,地铁,5,育才北路
3310,413101785453,地铁,5,育才北路
3310,413101785454,地铁,5,通惠中路
3310,413101785455,地铁,5,通惠中路
3310,413101785456,地铁,5,通惠中路
3310,413101785457,地铁,5,通惠中路
3310,413101785458,地铁,5,通惠中路
3310,413101785459,地铁,5,通惠中路
3310,413101785460,地铁,5,通惠中路
3310,413101785461,地铁,5,通惠中路
3310,413101785462,地铁,5,通惠中路
3310,413101785463,地铁,5,通惠中路
3310,413101785464,地铁,5,通惠中路
3310,413101785465,地铁,5,通惠中路
3310,413101785466,地铁,5,通惠中路
3310,413101785467,地铁,5,通惠中路
3310,413101785468,地铁,5,通惠中路
3310,413101785469,地铁,5,通惠中路
3310,413101785470,地铁,5,通惠中路
3310,413101785471,地铁,5,通惠中路
3310,413101785472,地铁,5,通惠中路
3310,413101785473,地铁,5,通惠中路
3310,413101785474,地铁,5,金鸡路
3310,413101785475,地铁,5,金鸡路
3310,413101785476,地铁,5,金鸡路
3310,413101785477,地铁,5,金鸡路
3310,413101785478,地铁,5,金鸡路
3310,413101785479,地铁,5,金鸡路
3310,413101785480,地铁,5,金鸡路
3310,413101785481,地铁,5,金鸡路
3310,413101785482,地铁,5,金鸡路
3310,413101785483,地铁,5,金鸡路
3310,413101785484,地铁,5,金鸡路
3310,413101785485,地铁,5,金鸡路
3310,413101785486,地铁,5,金鸡路
3310,413101785487,地铁,5,金鸡路
3310,413101785488,地铁,5,金鸡路
3310,413101785489,地铁,5,金鸡路
3310,413101785490,地铁,5,金鸡路
3310,413101785491,地铁,5,金鸡路
3310,413101785492,地铁,5,金鸡路
3310,413101785494,地铁,5,博奥路
3310,413101785495,地铁,5,博奥路
3310,413101785496,地铁,5,博奥路
3310,413101785497,地铁,5,博奥路
3310,413101785498,地铁,5,博奥路
3310,413101785499,地铁,5,博奥路
3310,413101785500,地铁,5,博奥路
3310,413101785501,地铁,5,博奥路
3310,413101785502,地铁,5,博奥路
3310,413101785503,地铁,5,博奥路
3310,413101785504,地铁,5,博奥路
3310,413101785505,地铁,5,博奥路
3310,413101785506,地铁,5,博奥路
3310,413101785507,地铁,5,博奥路
3310,413101785508,地铁,5,博奥路
3310,413101785509,地铁,5,博奥路
3310,413101785510,地铁,5,博奥路
3310,413101785511,地铁,5,博奥路
3310,413101785512,地铁,5,博奥路
3310,413101785513,地铁,5,博奥路
3310,413101785514,地铁,5,滨康路
3310,413101785515,地铁,5,滨康路
3310,413101785516,地铁,5,滨康路
3310,413101785517,地铁,5,滨康路
3310,413101785518,地铁,5,滨康路
3310,413101785519,地铁,5,滨康路
3310,413101785520,地铁,5,滨康路
3310,413101785521,地铁,5,滨康路
3310,413101785522,地铁,5,滨康路
3310,413101785523,地铁,5,滨康路
3310,413101785524,地铁,5,滨康路
3310,413101785525,地铁,5,滨康路
3310,413101785526,地铁,5,滨康路
3310,413101785527,地铁,5,滨康路
3310,413101785528,地铁,5,滨康路
3310,413101785529,地铁,5,滨康路
3310,413101785530,地铁,5,滨康路
3310,413101785531,地铁,5,滨康路
3310,413101785532,地铁,5,滨康路
3310,413101785533,地铁,5,滨康路
3310,413101785534,地铁,5,江晖路
3310,413101785535,地铁,5,江晖路
3310,413101785536,地铁,5,江晖路
3310,413101785537,地铁,5,江晖路
3310,413101785538,地铁,5,江晖路
3310,413101785539,地铁,5,江晖路
3310,413101785540,地铁,5,江晖路
3310,413101785541,地铁,5,江晖路
3310,413101785542,地铁,5,江晖路
3310,413101785543,地铁,5,江晖路
3310,413101785544,地铁,5,江晖路
3310,413101785545,地铁,5,江晖路
3310,413101785546,地铁,5,江晖路
3310,413101785547,地铁,5,江晖路
3310,413101785548,地铁,5,江晖路
3310,413101785549,地铁,5,江晖路
3310,413101785550,地铁,5,江晖路
3310,413101785551,地铁,5,江晖路
3310,413101785552,地铁,5,江晖路
3310,413101785553,地铁,5,江晖路
3310,413101785554,地铁,5,聚才路
3310,413101785555,地铁,5,聚才路
3310,413101785556,地铁,5,聚才路
3310,413101785557,地铁,5,聚才路
3310,413101785558,地铁,5,聚才路
3310,413101785559,地铁,5,聚才路
3310,413101785560,地铁,5,聚才路
3310,413101785561,地铁,5,聚才路
3310,413101785562,地铁,5,聚才路
3310,413101785563,地铁,5,聚才路
3310,413101785564,地铁,5,聚才路
3310,413101785565,地铁,5,聚才路
3310,413101785566,地铁,5,聚才路
3310,413101785567,地铁,5,聚才路
3310,413101785568,地铁,5,聚才路
3310,413101785569,地铁,5,聚才路
3310,413101785570,地铁,5,聚才路
3310,413101785571,地铁,5,聚才路
3310,413101785572,地铁,5,聚才路
3310,413101785573,地铁,5,聚才路
3310,413101785574,地铁,5,长河
3310,413101785575,地铁,5,长河
3310,413101785576,地铁,5,长河
3310,413101785577,地铁,5,长河
3310,413101785578,地铁,5,长河
3310,413101785579,地铁,5,长河
3310,413101785580,地铁,5,长河
3310,413101785581,地铁,5,长河
3310,413101785582,地铁,5,长河
3310,413101785583,地铁,5,长河
3310,413101785584,地铁,5,长河
3310,413101785585,地铁,5,长河
3310,413101785586,地铁,5,长河
3310,413101785587,地铁,5,长河
3310,413101785588,地铁,5,长河
3310,413101785589,地铁,5,长河
3310,413101785590,地铁,5,长河
3310,413101785591,地铁,5,长河
3310,413101785592,地铁,5,长河
3310,413101785593,地铁,5,长河
3310,413101785594,地铁,5,长河
3310,413101785595,地铁,5,长河
3310,413101785596,地铁,5,长河
3310,413101785597,地铁,5,长河
3310,413101785598,地铁,5,长河
3310,413101785599,地铁,5,南星桥
3310,413101785600,地铁,5,南星桥
3310,413101785601,地铁,5,南星桥
3310,413101785602,地铁,5,南星桥
3310,413101785603,地铁,5,南星桥
3310,413101785604,地铁,5,南星桥
3310,413101785605,地铁,5,南星桥
3310,413101785606,地铁,5,南星桥
3310,413101785607,地铁,5,南星桥
3310,413101785608,地铁,5,南星桥
3310,413101785609,地铁,5,南星桥
3310,413101785610,地铁,5,南星桥
3310,413101785611,地铁,5,南星桥
3310,413101785612,地铁,5,南星桥
3310,413101785613,地铁,5,南星桥
3310,413101785614,地铁,9,余杭高铁站
3310,413101785615,地铁,9,余杭高铁站
3310,413101785617,地铁,5,南星桥
3310,413101785618,地铁,5,南星桥
3310,413101785619,地铁,5,南星桥
3310,413101785620,地铁,5,南星桥
3310,413101785622,地铁,5,候潮门
3310,413101785623,地铁,5,候潮门
3310,413101785624,地铁,5,候潮门
3310,413101785625,地铁,5,候潮门
3310,413101785626,地铁,5,候潮门
3310,413101785627,地铁,5,候潮门
3310,413101785628,地铁,5,候潮门
3310,413101785629,地铁,5,候潮门
3310,413101785630,地铁,5,候潮门
3310,413101785631,地铁,5,候潮门
3310,413101785632,地铁,5,候潮门
3310,413101785633,地铁,5,候潮门
3310,413101785634,地铁,5,候潮门
3310,413101785635,地铁,5,候潮门
3310,413101786048,地铁,5,火车南站
3310,413101786049,地铁,5,火车南站
3310,413101786050,地铁,5,火车南站
3310,413101786051,地铁,5,火车南站
3310,413101786061,地铁,9,临平
3310,413101786064,地铁,9,余杭高铁站
3310,413101786065,地铁,9,余杭高铁站
3310,413101786069,地铁,9,临平
3310,413101786070,地铁,9,临平
3310,413101786071,地铁,9,临平
3310,413101786072,地铁,9,临平
3310,413101786073,地铁,9,临平
3310,413101786074,地铁,9,临平
3310,413101786075,地铁,9,临平
3310,413101786076,地铁,9,临平
3310,413101786077,地铁,9,临平
3310,413101786078,地铁,9,临平
3310,413101786079,地铁,9,临平
3310,413101786080,地铁,9,临平
3310,413101786081,地铁,9,临平
3310,413101786082,地铁,9,临平
3310,413101786083,地铁,9,临平
3310,413101786084,地铁,9,临平
3310,413101786085,地铁,9,临平
3310,413101786086,地铁,9,南苑
3310,413101786087,地铁,9,南苑
3310,413101786088,地铁,9,南苑
3310,413101786089,地铁,9,南苑
3310,413101786090,地铁,9,南苑
3310,413101786091,地铁,9,南苑
3310,413101786092,地铁,9,南苑
3310,413101786093,地铁,9,南苑
3310,413101786094,地铁,9,南苑
3310,413101786095,地铁,9,南苑
3310,413101786096,地铁,9,南苑
3310,413101786097,地铁,9,南苑
3310,413101786098,地铁,9,南苑
3310,413101786099,地铁,9,南苑
3310,413101786100,地铁,9,南苑
3310,413101786101,地铁,9,南苑
3310,413101786102,地铁,9,南苑
3310,413101786103,地铁,9,南苑
3310,413101786105,地铁,9,翁梅
3310,413101786106,地铁,9,翁梅
3310,413101786107,地铁,9,翁梅
3310,413101786108,地铁,9,翁梅
3310,413101786109,地铁,9,翁梅
3310,413101786110,地铁,9,翁梅
3310,413101786111,地铁,9,翁梅
3310,413101786112,地铁,9,翁梅
3310,413101786113,地铁,9,翁梅
3310,413101786114,地铁,9,翁梅
3310,413101786115,地铁,9,翁梅
3310,413101786116,地铁,9,翁梅
3310,413101786117,地铁,9,翁梅
3310,413101786118,地铁,9,翁梅
3310,413101786119,地铁,9,翁梅
3310,413101786120,地铁,9,翁梅
3310,413101786121,地铁,9,翁梅
3310,413101786122,地铁,9,翁梅
3310,413101786129,地铁,9,余杭高铁站
3310,413101786130,地铁,9,余杭高铁站
3310,413101786131,地铁,9,余杭高铁站
3310,413101786135,地铁,5,姑娘桥
3310,413101786136,地铁,5,姑娘桥
3310,413101786137,地铁,5,姑娘桥
3310,413101786138,地铁,5,姑娘桥
3310,413101786139,地铁,5,姑娘桥
3310,413101786140,地铁,5,姑娘桥
3310,413101786141,地铁,5,姑娘桥
3310,413101786142,地铁,5,姑娘桥
3310,413101786143,地铁,5,姑娘桥
3310,413101786144,地铁,5,姑娘桥
3310,413101786145,地铁,5,姑娘桥
3310,413101786146,地铁,5,姑娘桥
3310,413101786147,地铁,5,姑娘桥
3310,413101786148,地铁,5,姑娘桥
3310,413101786149,地铁,5,姑娘桥
3310,413101786150,地铁,5,姑娘桥
3310,413101786151,地铁,5,姑娘桥
3310,413101786152,地铁,5,姑娘桥
3310,413101786153,地铁,5,姑娘桥
3310,413101786154,地铁,5,姑娘桥
3310,413101786155,地铁,5,姑娘桥
3310,413101786156,地铁,5,姑娘桥
3310,413101786157,地铁,5,双桥
3310,413101786158,地铁,5,双桥
3310,413101786159,地铁,5,双桥
3310,413101786160,地铁,5,双桥
3310,413101786161,地铁,5,双桥
3310,413101786162,地铁,5,双桥
3310,413101786163,地铁,5,双桥
3310,413101786164,地铁,5,双桥
3310,413101786165,地铁,5,双桥
3310,413101786166,地铁,5,双桥
3310,413101786167,地铁,5,双桥
3310,413101786168,地铁,5,双桥
3310,413101786169,地铁,5,双桥
3310,413101786170,地铁,5,双桥
3310,413101786171,地铁,5,双桥
3310,413101786172,地铁,5,双桥
3310,413101786173,地铁,5,双桥
3310,413101786174,地铁,5,双桥
3310,413101786175,地铁,5,双桥
3310,413101786176,地铁,5,双桥
3310,413101786188,地铁,5,火车南站
3310,413101786189,地铁,5,火车南站
3310,413101786190,地铁,5,火车南站
3310,413101786191,地铁,5,火车南站
3310,413101786192,地铁,5,火车南站
3310,413101786193,地铁,5,火车南站
3310,413101786194,地铁,5,火车南站
3310,413101786195,地铁,5,火车南站
3310,413101786196,地铁,5,火车南站
3310,413101786197,地铁,5,火车南站
3310,413101786198,地铁,5,火车南站
3310,413101786199,地铁,5,火车南站
3310,413101786200,地铁,5,火车南站
3310,413101786201,地铁,5,火车南站
3310,413101786202,地铁,5,火车南站
3310,413101786203,地铁,5,火车南站
3310,413101786204,地铁,5,火车南站
3310,413101786205,地铁,5,火车南站
3310,413101786206,地铁,5,火车南站
3310,413101786207,地铁,5,火车南站
3310,413101786208,地铁,5,火车南站
3310,413101786209,地铁,5,火车南站
3310,413101786210,地铁,5,火车南站
3310,413101786211,地铁,5,火车南站
3310,413101786212,地铁,5,火车南站
3310,413101786213,地铁,5,火车南站
3310,413101786214,地铁,5,火车南站
3310,413101786215,地铁,5,火车南站
3310,413101786216,地铁,5,火车南站
3310,413101786217,地铁,5,火车南站
3310,413101786218,地铁,5,火车南站
3310,413101786219,地铁,5,火车南站
3310,413101786220,地铁,5,火车南站
3310,413101786221,地铁,5,火车南站
3310,413101786222,地铁,5,火车南站
3310,413101786223,地铁,5,火车南站
3310,413101786224,地铁,5,火车南站
3310,413101786225,地铁,5,火车南站
3310,413101786226,地铁,5,火车南站
3310,413101786227,地铁,5,火车南站
3310,413101786228,地铁,5,火车南站
3310,413101786229,地铁,5,火车南站
3310,413101786230,地铁,5,火车南站
3310,413101786231,地铁,5,火车南站
3310,413101786232,地铁,5,火车南站
3310,413101786233,地铁,5,火车南站
3310,413101786234,地铁,5,火车南站
3310,413101786236,地铁,5,通惠中路
3310,413101786591,地铁,5,金星
3310,413101786607,地铁,9,乔司
3310,413101786608,地铁,9,乔司
3310,413101786609,地铁,9,乔司
3310,413101786625,地铁,9,余杭高铁站
3310,413101786628,地铁,9,乔司
3310,413106146206,地铁,1,火车东站
3310,413106146207,地铁,1,火车东站
3310,413106146209,地铁,1,闸弄口
3310,413106146210,地铁,1,闸弄口
3310,413106146211,地铁,1,闸弄口
3310,413106146212,地铁,1,闸弄口
3310,413106146213,地铁,1,闸弄口
3310,413106146214,地铁,1,闸弄口
3310,413106146215,地铁,1,闸弄口
3310,413106146216,地铁,1,闸弄口
3310,413106146217,地铁,1,闸弄口
3310,413106146218,地铁,1,闸弄口
3310,413106146219,地铁,1,闸弄口
3310,413106146220,地铁,1,闸弄口
3310,413106146221,地铁,1,闸弄口
3310,413106146222,地铁,1,闸弄口
3310,413106146223,地铁,1,闸弄口
3310,413106146224,地铁,1,闸弄口
3310,413106146225,地铁,1,闸弄口
3310,413106146226,地铁,1,闸弄口
3310,413106146227,地铁,1,闸弄口
3310,413106146228,地铁,1,闸弄口
3310,413106146229,地铁,1,闸弄口
3310,413106146230,地铁,1,打铁关
3310,413106146231,地铁,1,打铁关
3310,413106146232,地铁,1,打铁关
3310,413106146233,地铁,1,打铁关
3310,413106146234,地铁,1,打铁关
3310,413106146235,地铁,1,打铁关
3310,413106146236,地铁,1,打铁关
3310,413106146237,地铁,1,打铁关
3310,413106146238,地铁,1,打铁关
3310,413106146239,地铁,1,打铁关
3310,413106146240,地铁,1,打铁关
3310,413106146241,地铁,1,打铁关
3310,413106146242,地铁,1,打铁关
3310,413106146243,地铁,1,打铁关
3310,413106146244,地铁,1,打铁关
3310,413106146245,地铁,1,打铁关
3310,413106146246,地铁,1,打铁关
3310,413106146248,地铁,1,西湖文化广场
3310,413106146249,地铁,1,西湖文化广场
3310,413106146250,地铁,1,西湖文化广场
3310,413106146251,地铁,1,西湖文化广场
3310,413106146252,地铁,1,西湖文化广场
3310,413106146253,地铁,1,西湖文化广场
3310,413106146254,地铁,1,西湖文化广场
3310,413106146255,地铁,1,西湖文化广场
3310,413106146256,地铁,1,西湖文化广场
3310,413106146257,地铁,1,西湖文化广场
3310,413106146258,地铁,1,西湖文化广场
3310,413106146259,地铁,1,西湖文化广场
3310,413106146260,地铁,1,西湖文化广场
3310,413106146261,地铁,1,西湖文化广场
3310,413106146262,地铁,1,西湖文化广场
3310,413106146263,地铁,1,西湖文化广场
3310,413106146264,地铁,1,西湖文化广场
3310,413106146265,地铁,1,西湖文化广场
3310,413106146266,地铁,1,西湖文化广场
3310,413106146267,地铁,1,西湖文化广场
3310,413106146268,地铁,1,西湖文化广场
3310,413106146269,地铁,1,西湖文化广场
3310,413106146270,地铁,1,西湖文化广场
3310,413106146272,地铁,1,火车东站
3310,413106146273,地铁,1,火车东站
3310,413106146274,地铁,1,火车东站
3310,413106146275,地铁,1,火车东站
3310,413106146276,地铁,1,火车东站
3310,413106146277,地铁,1,火车东站
3310,413106146278,地铁,1,火车东站
3310,413106146279,地铁,1,火车东站
3310,413106146280,地铁,1,火车东站
3310,413106146281,地铁,1,火车东站
3310,413106146282,地铁,1,火车东站
3310,413106146283,地铁,1,火车东站
3310,413106146284,地铁,1,火车东站
3310,413106146285,地铁,1,火车东站
3310,413106146286,地铁,1,火车东站
3310,413106146287,地铁,1,火车东站
3310,413106146288,地铁,1,火车东站
3310,413106146289,地铁,1,火车东站
3310,413106146290,地铁,1,火车东站
3310,413106146291,地铁,1,火车东站
3310,413106146292,地铁,1,火车东站
3310,413106146293,地铁,1,火车东站
3310,413106146294,地铁,1,火车东站
3310,413106146295,地铁,1,火车东站
3310,413106146296,地铁,1,火车东站
3310,413106146297,地铁,1,火车东站
3310,413106146298,地铁,1,火车东站
3310,413106146299,地铁,1,火车东站
3310,413106146300,地铁,1,火车东站
3310,413106146301,地铁,1,火车东站
3310,413106146302,地铁,1,火车东站
3310,413106146303,地铁,1,火车东站
3310,413106146304,地铁,1,火车东站
3310,413106146305,地铁,1,火车东站
3310,413106146306,地铁,1,火车东站
3310,413106146307,地铁,1,火车东站
3310,413106146308,地铁,1,火车东站
3310,413106146309,地铁,1,火车东站
3310,413106146310,地铁,1,火车东站
3310,413106146311,地铁,1,火车东站
3310,413106146312,地铁,1,火车东站
3310,413106146313,地铁,1,火车东站
3310,413106146314,地铁,1,火车东站
3310,413106146315,地铁,1,火车东站
3310,413106146316,地铁,1,火车东站
3310,413106146317,地铁,1,火车东站
3310,413106146318,地铁,1,火车东站
3310,413106146319,地铁,1,火车东站
3310,413106146320,地铁,1,火车东站
3310,413106146321,地铁,1,火车东站
3310,413106146322,地铁,1,火车东站
3310,413106146323,地铁,1,火车东站
3310,413106146324,地铁,1,火车东站
3310,413106146325,地铁,1,火车东站
3310,413106146326,地铁,1,火车东站
3310,413106146327,地铁,1,火车东站
3310,413106146328,地铁,1,火车东站
3310,413106146329,地铁,1,火车东站
3310,413106146330,地铁,1,火车东站
3310,413106146331,地铁,1,火车东站
3310,413106146332,地铁,1,火车东站
3310,413106146333,地铁,1,火车东站
3310,413106146335,地铁,1,彭埠
3310,413106146336,地铁,1,彭埠
3310,413106146337,地铁,1,彭埠
3310,413106146338,地铁,1,彭埠
3310,413106146339,地铁,1,彭埠
3310,413106146340,地铁,1,彭埠
3310,413106146341,地铁,1,彭埠
3310,413106146342,地铁,1,彭埠
3310,413106146343,地铁,1,彭埠
3310,413106146344,地铁,1,彭埠
3310,413106146345,地铁,1,彭埠
3310,413106146346,地铁,1,彭埠
3310,413106146347,地铁,1,彭埠
3310,413106146348,地铁,1,彭埠
3310,413106146349,地铁,1,彭埠
3310,413106146350,地铁,1,彭埠
3310,413106146351,地铁,1,彭埠
3310,413106146352,地铁,1,彭埠
3310,413106146353,地铁,1,彭埠
3310,413106146354,地铁,1,彭埠
3310,413106146355,地铁,1,彭埠
3310,413106146356,地铁,1,彭埠
3310,413106146357,地铁,1,彭埠
3310,413106146358,地铁,1,彭埠
3310,413106146359,地铁,1,彭埠
3310,413106146360,地铁,1,彭埠
3310,413106146361,地铁,1,彭埠
3310,413106146362,地铁,1,彭埠
3310,413106146363,地铁,1,彭埠
3310,413106146364,地铁,1,彭埠
3310,413106146365,地铁,1,彭埠
3310,413106146366,地铁,1,彭埠
3310,413106146367,地铁,1,彭埠
3310,413106146368,地铁,1,彭埠
3310,413106146369,地铁,1,彭埠
3310,413106146370,地铁,1,彭埠
3310,413106146371,地铁,1,彭埠
3310,413106146372,地铁,1,彭埠
3310,413106146373,地铁,1,彭埠
3310,413106146374,地铁,1,彭埠
3310,413106146375,地铁,1,彭埠
3310,413106146376,地铁,1,彭埠
3310,413106146379,地铁,1,火车东站
3310,413106146380,地铁,1,火车东站
3310,413106146381,地铁,1,火车东站
3310,413106146382,地铁,1,火车东站
3310,413106146383,地铁,1,火车东站
3310,413106146384,地铁,1,火车东站
3310,413106146385,地铁,1,火车东站
3310,413106146386,地铁,1,火车东站
3310,413106146387,地铁,1,火车东站
3310,413106146388,地铁,1,火车东站
3310,413106146389,地铁,1,火车东站
3310,413106146390,地铁,1,火车东站
3310,413106146391,地铁,1,火车东站
3310,413106146392,地铁,1,火车东站
3310,413106146393,地铁,1,火车东站
3310,413106146394,地铁,1,火车东站
3310,413106146395,地铁,1,火车东站
3310,413106146396,地铁,1,火车东站
3310,413106146397,地铁,1,火车东站
3310,413106146398,地铁,1,火车东站
3310,413106146399,地铁,1,火车东站
3310,413106146400,地铁,1,火车东站
3310,413106146401,地铁,1,火车东站
3310,413106146402,地铁,1,火车东站
3310,413106146403,地铁,1,火车东站
3310,413106146404,地铁,1,火车东站
3310,413106146405,地铁,1,火车东站
3310,413106146408,地铁,2,中河北路
3310,413106146413,地铁,2,建国北路
3310,413106146414,地铁,2,建国北路
3310,413106146415,地铁,2,建国北路
3310,413106146416,地铁,2,建国北路
3310,413106146417,地铁,2,建国北路
3310,413106146418,地铁,2,建国北路
3310,413106146419,地铁,2,建国北路
3310,413106146420,地铁,2,建国北路
3310,413106146421,地铁,2,建国北路
3310,413106146422,地铁,2,建国北路
3310,413106146423,地铁,2,建国北路
3310,413106146424,地铁,2,建国北路
3310,413106146425,地铁,2,建国北路
3310,413106146426,地铁,2,建国北路
3310,413106146427,地铁,2,建国北路
3310,413106146428,地铁,2,建国北路
3310,413106146429,地铁,2,建国北路
3310,413106146430,地铁,2,建国北路
3310,413106146431,地铁,2,建国北路
3310,413106146432,地铁,2,建国北路
3310,413106146433,地铁,2,建国北路
3310,413106146434,地铁,2,建国北路
3310,413106146435,地铁,2,建国北路
3310,413106146436,地铁,2,建国北路
3310,413106146437,地铁,2,建国北路
3310,413106146438,地铁,2,建国北路
3310,413106146439,地铁,2,建国北路
3310,413106146440,地铁,2,建国北路
3310,413106146441,地铁,2,建国北路
3310,413106146442,地铁,2,建国北路
3310,413106146443,地铁,2,建国北路
3310,413106146444,地铁,2,建国北路
3310,413106146445,地铁,2,建国北路
3310,413106146446,地铁,2,建国北路
3310,413106146447,地铁,2,建国北路
3310,413106146448,地铁,2,建国北路
3310,413106146449,地铁,2,建国北路
3310,413106146451,地铁,2,凤起路
3310,413106146452,地铁,2,凤起路
3310,413106146453,地铁,2,凤起路
3310,413106146454,地铁,2,凤起路
3310,413106146455,地铁,2,凤起路
3310,413106146456,地铁,2,凤起路
3310,413106146457,地铁,2,凤起路
3310,413106146458,地铁,2,凤起路
3310,413106146459,地铁,2,凤起路
3310,413106146460,地铁,2,凤起路
3310,413106146461,地铁,2,凤起路
3310,413106146462,地铁,2,凤起路
3310,413106146463,地铁,2,凤起路
3310,413106146464,地铁,2,凤起路
3310,413106146465,地铁,2,凤起路
3310,413106146466,地铁,2,凤起路
3310,413106146467,地铁,2,凤起路
3310,413106146468,地铁,2,凤起路
3310,413106146475,地铁,2,中河北路
3310,413106146476,地铁,2,中河北路
3310,413106146477,地铁,2,中河北路
3310,413106146478,地铁,2,中河北路
3310,413106146479,地铁,2,中河北路
3310,413106146480,地铁,2,中河北路
3310,413106146481,地铁,2,中河北路
3310,413106146482,地铁,2,中河北路
3310,413106146483,地铁,2,中河北路
3310,413106146484,地铁,2,中河北路
3310,413106146485,地铁,2,中河北路
3310,413106146486,地铁,2,中河北路
3310,413106146487,地铁,2,中河北路
3310,413106146488,地铁,2,中河北路
3310,413106146489,地铁,2,中河北路
3310,413106146490,地铁,2,中河北路
3310,413106146491,地铁,2,中河北路
3310,413106146492,地铁,2,中河北路
3310,413106146493,地铁,2,中河北路
3310,413106146494,地铁,2,中河北路
3310,413106146495,地铁,2,中河北路
3310,413106146496,地铁,2,中河北路
3310,413106146497,地铁,2,中河北路
3310,413106146498,地铁,2,中河北路
3310,413106146499,地铁,2,中河北路
3310,413106146501,地铁,2,武林门
3310,413106146502,地铁,2,武林门
3310,413106146503,地铁,2,武林门
3310,413106146504,地铁,2,武林门
3310,413106146505,地铁,2,武林门
3310,413106146506,地铁,2,武林门
3310,413106146507,地铁,2,武林门
3310,413106146508,地铁,2,武林门
3310,413106146509,地铁,2,武林门
3310,413106146510,地铁,2,武林门
3310,413106146511,地铁,2,武林门
3310,413106146512,地铁,2,武林门
3310,413106146513,地铁,2,武林门
3310,413106146514,地铁,2,武林门
3310,413106146515,地铁,2,武林门
3310,413106146516,地铁,2,武林门
3310,413106146517,地铁,2,武林门
3310,413106146518,地铁,2,武林门
3310,413106146519,地铁,2,武林门
3310,413106146520,地铁,2,武林门
3310,413106146521,地铁,2,武林门
3310,413106146522,地铁,2,武林门
3310,413106146523,地铁,2,武林门
3310,413106146524,地铁,2,武林门
3310,413106146525,地铁,2,武林门
3310,413106146526,地铁,2,武林门
3310,413106146527,地铁,2,武林门
3310,413106146528,地铁,2,武林门
3310,413106146529,地铁,2,武林门
3310,413106146530,地铁,2,武林门
3310,413106146531,地铁,2,武林门
3310,413106146532,地铁,2,武林门
3310,413106146533,地铁,2,武林门
3310,413106146534,地铁,2,武林门
3310,413106146535,地铁,2,武林门
3310,413106146536,地铁,2,武林门
3310,413106146537,地铁,2,武林门
3310,413106146538,地铁,2,武林门
3310,413106146543,地铁,2,凤起路
3310,413106146544,地铁,2,凤起路
3310,413106146545,地铁,2,凤起路
3310,413106146546,地铁,2,凤起路
3310,413106146547,地铁,2,凤起路
3310,413106146548,地铁,2,凤起路
3310,413106146549,地铁,2,凤起路
3310,413106146550,地铁,2,凤起路
3310,413106146551,地铁,2,凤起路
3310,413106146552,地铁,2,凤起路
3310,413106146553,地铁,2,凤起路
3310,413106146554,地铁,2,凤起路
3310,413106146555,地铁,2,凤起路
3310,413106146556,地铁,2,凤起路
3310,413106146557,地铁,2,凤起路
3310,413106146558,地铁,2,凤起路
3310,413106146559,地铁,2,凤起路
3310,413106146560,地铁,2,凤起路
3310,413106146561,地铁,2,凤起路
3310,413106146562,地铁,2,凤起路
3310,413106146563,地铁,2,凤起路
3310,413106146564,地铁,2,凤起路
3310,413106146565,地铁,2,凤起路
3310,413106146567,地铁,2,下宁桥
3310,413106146568,地铁,2,下宁桥
3310,413106146569,地铁,2,下宁桥
3310,413106146570,地铁,2,下宁桥
3310,413106146571,地铁,2,下宁桥
3310,413106146572,地铁,2,下宁桥
3310,413106146573,地铁,2,下宁桥
3310,413106146574,地铁,2,下宁桥
3310,413106146575,地铁,2,下宁桥
3310,413106146576,地铁,2,下宁桥
3310,413106146581,地铁,2,沈塘桥
3310,413106146582,地铁,2,沈塘桥
3310,413106146583,地铁,2,沈塘桥
3310,413106146584,地铁,2,沈塘桥
3310,413106146585,地铁,2,沈塘桥
3310,413106146586,地铁,2,沈塘桥
3310,413106146587,地铁,2,沈塘桥
3310,413106146588,地铁,2,沈塘桥
3310,413106146589,地铁,2,沈塘桥
3310,413106146590,地铁,2,沈塘桥
3310,413106146591,地铁,2,沈塘桥
3310,413106146592,地铁,2,沈塘桥
3310,413106146593,地铁,2,沈塘桥
3310,413106146594,地铁,2,沈塘桥
3310,413106146595,地铁,2,沈塘桥
3310,413106146596,地铁,2,沈塘桥
3310,413106146597,地铁,2,沈塘桥
3310,413106146598,地铁,2,沈塘桥
3310,413106146599,地铁,2,沈塘桥
3310,413106146600,地铁,2,沈塘桥
3310,413106146601,地铁,2,沈塘桥
3310,413106146602,地铁,2,沈塘桥
3310,413106146603,地铁,2,沈塘桥
3310,413106146604,地铁,2,沈塘桥
3310,413106146605,地铁,1,定安路
3310,413106146606,地铁,1,定安路
3310,413106146607,地铁,1,定安路
3310,413106146608,地铁,1,定安路
3310,413106146609,地铁,1,定安路
3310,413106146610,地铁,1,定安路
3310,413106146611,地铁,1,定安路
3310,413106146612,地铁,1,定安路
3310,413106146613,地铁,1,定安路
3310,413106146614,地铁,1,定安路
3310,413106146615,地铁,1,定安路
3310,413106146616,地铁,1,定安路
3310,413106146617,地铁,1,定安路
3310,413106146618,地铁,1,定安路
3310,413106146619,地铁,1,定安路
3310,413106146620,地铁,1,定安路
3310,413106146621,地铁,1,定安路
3310,413106146623,地铁,1,城站
3310,413106146624,地铁,1,城站
3310,413106146625,地铁,1,城站
3310,413106146626,地铁,1,城站
3310,413106146627,地铁,1,城站
3310,413106146628,地铁,1,城站
3310,413106146629,地铁,1,城站
3310,413106146630,地铁,1,城站
3310,413106146631,地铁,1,城站
3310,413106146632,地铁,1,城站
3310,413106146633,地铁,1,城站
3310,413106146634,地铁,1,城站
3310,413106146635,地铁,1,城站
3310,413106146637,地铁,1,凤起路
3310,413106146643,地铁,1,城站
3310,413106146648,地铁,1,婺江路
3310,413106146649,地铁,1,婺江路
3310,413106146650,地铁,1,婺江路
3310,413106146651,地铁,1,婺江路
3310,413106146652,地铁,1,婺江路
3310,413106146653,地铁,1,婺江路
3310,413106146654,地铁,1,婺江路
3310,413106146655,地铁,1,婺江路
3310,413106146656,地铁,1,婺江路
3310,413106146657,地铁,1,婺江路
3310,413106146658,地铁,1,婺江路
3310,413106146659,地铁,1,婺江路
3310,413106146660,地铁,1,婺江路
3310,413106146661,地铁,1,婺江路
3310,413106146662,地铁,1,婺江路
3310,413106146663,地铁,1,婺江路
3310,413106146664,地铁,1,婺江路
3310,413106146665,地铁,1,婺江路
3310,413106146666,地铁,1,婺江路
3310,413106146669,地铁,1,近江
3310,413106146670,地铁,1,近江
3310,413106146671,地铁,1,近江
3310,413106146672,地铁,1,近江
3310,413106146673,地铁,1,近江
3310,413106146674,地铁,1,近江
3310,413106146675,地铁,1,近江
3310,413106146676,地铁,1,近江
3310,413106146677,地铁,1,近江
3310,413106146678,地铁,1,近江
3310,413106146679,地铁,1,近江
3310,413106146680,地铁,1,近江
3310,413106146681,地铁,1,近江
3310,413106146687,地铁,1,龙翔桥
3310,413106146688,地铁,1,龙翔桥
3310,413106146689,地铁,1,龙翔桥
3310,413106146690,地铁,1,龙翔桥
3310,413106146691,地铁,1,龙翔桥
3310,413106146692,地铁,1,龙翔桥
3310,413106146693,地铁,1,龙翔桥
3310,413106146694,地铁,1,龙翔桥
3310,413106146695,地铁,1,龙翔桥
3310,413106146696,地铁,1,龙翔桥
3310,413106146697,地铁,1,龙翔桥
3310,413106146698,地铁,1,龙翔桥
3310,413106146699,地铁,1,龙翔桥
3310,413106146700,地铁,1,龙翔桥
3310,413106146701,地铁,1,龙翔桥
3310,413106146702,地铁,1,龙翔桥
3310,413106146703,地铁,1,龙翔桥
3310,413106146704,地铁,1,龙翔桥
3310,413106146705,地铁,1,龙翔桥
3310,413106146706,地铁,1,龙翔桥
3310,413106146707,地铁,1,龙翔桥
3310,413106146708,地铁,1,龙翔桥
3310,413106146709,地铁,1,龙翔桥
3310,413106146710,地铁,1,龙翔桥
3310,413106146711,地铁,1,龙翔桥
3310,413106146712,地铁,1,龙翔桥
3310,413106146713,地铁,1,龙翔桥
3310,413106146714,地铁,1,龙翔桥
3310,413106146715,地铁,1,龙翔桥
3310,413106146716,地铁,1,龙翔桥
3310,413106146717,地铁,1,龙翔桥
3310,413106146718,地铁,1,龙翔桥
3310,413106146719,地铁,1,龙翔桥
3310,413106146720,地铁,1,龙翔桥
3310,413106146721,地铁,1,龙翔桥
3310,413106146722,地铁,1,龙翔桥
3310,413106146723,地铁,1,龙翔桥
3310,413106146724,地铁,1,龙翔桥
3310,413106146726,地铁,1,定安路
3310,413106146727,地铁,1,定安路
3310,413106146728,地铁,1,定安路
3310,413106146729,地铁,1,定安路
3310,413106146730,地铁,1,定安路
3310,413106146731,地铁,1,定安路
3310,413106146732,地铁,1,定安路
3310,413106146733,地铁,1,定安路
3310,413106146734,地铁,1,定安路
3310,413106146735,地铁,1,定安路
3310,413106146736,地铁,1,定安路
3310,413106146737,地铁,1,定安路
3310,413106146738,地铁,1,定安路
3310,413106146739,地铁,1,定安路
3310,413106146740,地铁,1,定安路
3310,413106146741,地铁,1,定安路
3310,413106146742,地铁,1,定安路
3310,413106146743,地铁,1,定安路
3310,413106146744,地铁,1,定安路
3310,413106146745,地铁,1,定安路
3310,413106146746,地铁,1,定安路
3310,413106146747,地铁,1,定安路
3310,413106146748,地铁,1,定安路
3310,413106146749,地铁,1,西湖文化广场
3310,413106146750,地铁,1,西湖文化广场
3310,413106146751,地铁,1,西湖文化广场
3310,413106146752,地铁,1,西湖文化广场
3310,413106146753,地铁,1,西湖文化广场
3310,413106146754,地铁,1,西湖文化广场
3310,413106146755,地铁,1,西湖文化广场
3310,413106146756,地铁,1,西湖文化广场
3310,413106146758,地铁,1,武林广场
3310,413106146759,地铁,1,武林广场
3310,413106146760,地铁,1,武林广场
3310,413106146761,地铁,1,武林广场
3310,413106146762,地铁,1,武林广场
3310,413106146763,地铁,1,武林广场
3310,413106146764,地铁,1,武林广场
3310,413106146765,地铁,1,武林广场
3310,413106146766,地铁,1,武林广场
3310,413106146767,地铁,1,武林广场
3310,413106146768,地铁,1,武林广场
3310,413106146769,地铁,1,武林广场
3310,413106146770,地铁,1,武林广场
3310,413106146771,地铁,1,武林广场
3310,413106146772,地铁,1,武林广场
3310,413106146773,地铁,1,武林广场
3310,413106146774,地铁,1,武林广场
3310,413106146775,地铁,1,武林广场
3310,413106146776,地铁,1,武林广场
3310,413106146777,地铁,1,武林广场
3310,413106146778,地铁,1,武林广场
3310,413106146779,地铁,1,武林广场
3310,413106146780,地铁,1,武林广场
3310,413106146781,地铁,1,武林广场
3310,413106146782,地铁,1,武林广场
3310,413106146786,地铁,1,凤起路
3310,413106146787,地铁,1,凤起路
3310,413106146788,地铁,1,凤起路
3310,413106146789,地铁,1,凤起路
3310,413106146790,地铁,1,凤起路
3310,413106146791,地铁,1,凤起路
3310,413106146792,地铁,1,凤起路
3310,413106146793,地铁,1,凤起路
3310,413106146794,地铁,1,凤起路
3310,413106146795,地铁,1,凤起路
3310,413106146796,地铁,1,凤起路
3310,413106146797,地铁,1,凤起路
3310,413106146798,地铁,1,凤起路
3310,413106146799,地铁,1,凤起路
3310,413106146800,地铁,1,凤起路
3310,413106146801,地铁,1,凤起路
3310,413106146802,地铁,1,凤起路
3310,413106146803,地铁,1,凤起路
3310,413106146804,地铁,1,凤起路
3310,413106146805,地铁,1,凤起路
3310,413106146806,地铁,1,凤起路
3310,413106146807,地铁,1,凤起路
3310,413106146810,地铁,1,湘湖
3310,413106146811,地铁,1,湘湖
3310,413106146812,地铁,1,湘湖
3310,413106146813,地铁,1,湘湖
3310,413106146814,地铁,1,湘湖
3310,413106146815,地铁,1,湘湖
3310,413106146816,地铁,1,湘湖
3310,413106146817,地铁,1,湘湖
3310,413106146818,地铁,1,湘湖
3310,413106146821,地铁,2,丰潭路
3310,413106146822,地铁,2,丰潭路
3310,413106146823,地铁,2,丰潭路
3310,413106146824,地铁,2,丰潭路
3310,413106146825,地铁,2,丰潭路
3310,413106146826,地铁,2,丰潭路
3310,413106146827,地铁,2,丰潭路
3310,413106146828,地铁,2,丰潭路
3310,413106146829,地铁,2,丰潭路
3310,413106146830,地铁,2,丰潭路
3310,413106146831,地铁,2,丰潭路
3310,413106146832,地铁,2,丰潭路
3310,413106146833,地铁,2,丰潭路
3310,413106146834,地铁,2,丰潭路
3310,413106146835,地铁,2,丰潭路
3310,413106146836,地铁,2,丰潭路
3310,413106146837,地铁,2,丰潭路
3310,413106146838,地铁,2,丰潭路
3310,413106146839,地铁,2,丰潭路
3310,413106146840,地铁,2,丰潭路
3310,413106146841,地铁,2,丰潭路
3310,413106146842,地铁,2,丰潭路
3310,413106146843,地铁,2,丰潭路
3310,413106146844,地铁,2,丰潭路
3310,413106146845,地铁,2,丰潭路
3310,413106146846,地铁,2,丰潭路
3310,413106146847,地铁,2,丰潭路
3310,413106146848,地铁,2,丰潭路
3310,413106146852,地铁,2,学院路
3310,413106146853,地铁,2,学院路
3310,413106146854,地铁,2,学院路
3310,413106146855,地铁,2,学院路
3310,413106146856,地铁,2,学院路
3310,413106146857,地铁,2,学院路
3310,413106146858,地铁,2,学院路
3310,413106146859,地铁,2,学院路
3310,413106146860,地铁,2,学院路
3310,413106146861,地铁,2,学院路
3310,413106146862,地铁,2,学院路
3310,413106146863,地铁,2,学院路
3310,413106146864,地铁,2,学院路
3310,413106146865,地铁,2,学院路
3310,413106146866,地铁,2,学院路
3310,413106146867,地铁,2,学院路
3310,413106146868,地铁,2,学院路
3310,413106146869,地铁,2,学院路
3310,413106146870,地铁,2,学院路
3310,413106146871,地铁,2,学院路
3310,413106146872,地铁,2,学院路
3310,413106146873,地铁,2,学院路
3310,413106146874,地铁,2,学院路
3310,413106146875,地铁,2,学院路
3310,413106146876,地铁,2,学院路
3310,413106146881,地铁,2,下宁桥
3310,413106146882,地铁,2,下宁桥
3310,413106146883,地铁,2,下宁桥
3310,413106146884,地铁,2,下宁桥
3310,413106146885,地铁,2,下宁桥
3310,413106146886,地铁,2,下宁桥
3310,413106146887,地铁,2,下宁桥
3310,413106146888,地铁,2,下宁桥
3310,413106146890,地铁,1,近江
3310,413106146891,地铁,1,近江
3310,413106146892,地铁,1,近江
3310,413106146893,地铁,1,近江
3310,413106146894,地铁,1,近江
3310,413106146895,地铁,1,近江
3310,413106146896,地铁,1,近江
3310,413106146897,地铁,1,近江
3310,413106146898,地铁,1,滨和路
3310,413106146899,地铁,1,滨和路
3310,413106146900,地铁,1,滨和路
3310,413106146901,地铁,1,滨和路
3310,413106146902,地铁,1,滨和路
3310,413106146903,地铁,1,滨和路
3310,413106146904,地铁,1,滨和路
3310,413106146905,地铁,1,滨和路
3310,413106146906,地铁,1,滨和路
3310,413106146907,地铁,1,滨和路
3310,413106146908,地铁,1,滨和路
3310,413106146909,地铁,1,滨和路
3310,413106146910,地铁,1,滨和路
3310,413106146911,地铁,1,滨和路
3310,413106146912,地铁,1,滨和路
3310,413106146913,地铁,1,滨和路
3310,413106146914,地铁,1,滨和路
3310,413106146915,地铁,1,滨和路
3310,413106146916,地铁,1,西兴
3310,413106146917,地铁,1,西兴
3310,413106146918,地铁,1,西兴
3310,413106146919,地铁,1,西兴
3310,413106146920,地铁,1,西兴
3310,413106146921,地铁,1,西兴
3310,413106146922,地铁,1,西兴
3310,413106146923,地铁,1,西兴
3310,413106146924,地铁,1,西兴
3310,413106146925,地铁,1,西兴
3310,413106146926,地铁,1,西兴
3310,413106146927,地铁,1,西兴
3310,413106146928,地铁,1,西兴
3310,413106146929,地铁,1,西兴
3310,413106146930,地铁,1,西兴
3310,413106146931,地铁,1,西兴
3310,413106146932,地铁,1,西兴
3310,413106146933,地铁,1,西兴
3310,413106146934,地铁,1,滨康路
3310,413106146935,地铁,1,滨康路
3310,413106146936,地铁,1,滨康路
3310,413106146937,地铁,1,滨康路
3310,413106146938,地铁,1,滨康路
3310,413106146939,地铁,1,滨康路
3310,413106146940,地铁,1,滨康路
3310,413106146941,地铁,1,滨康路
3310,413106146942,地铁,1,滨康路
3310,413106146943,地铁,1,滨康路
3310,413106146944,地铁,1,滨康路
3310,413106146945,地铁,1,滨康路
3310,413106146946,地铁,1,滨康路
3310,413106146947,地铁,1,滨康路
3310,413106146948,地铁,1,滨康路
3310,413106146949,地铁,1,滨康路
3310,413106146951,地铁,1,湘湖
3310,413106146952,地铁,1,湘湖
3310,413106146953,地铁,1,湘湖
3310,413106146954,地铁,1,湘湖
3310,413106146955,地铁,1,湘湖
3310,413106146956,地铁,1,湘湖
3310,413106146964,地铁,1,近江
3310,413106146965,地铁,1,近江
3310,413106146966,地铁,1,近江
3310,413106146967,地铁,1,近江
3310,413106146968,地铁,1,近江
3310,413106146969,地铁,1,近江
3310,413106146970,地铁,1,近江
3310,413106146971,地铁,1,近江
3310,413106146972,地铁,1,近江
3310,413106146973,地铁,1,近江
3310,413106146974,地铁,1,近江
3310,413106146975,地铁,1,近江
3310,413106146976,地铁,1,近江
3310,413106146977,地铁,1,近江
3310,413106146978,地铁,1,近江
3310,413106146979,地铁,1,近江
3310,413106146980,地铁,1,近江
3310,413106146981,地铁,1,近江
3310,413106146982,地铁,1,近江
3310,413106146983,地铁,1,近江
3310,413106146984,地铁,1,近江
3310,413106146985,地铁,1,近江
3310,413106146986,地铁,1,近江
3310,413106146987,地铁,1,近江
3310,413106146988,地铁,1,近江
3310,413106146989,地铁,1,近江
3310,413106146990,地铁,1,近江
3310,413106146991,地铁,1,近江
3310,413106146992,地铁,1,近江
3310,413106146993,地铁,1,近江
3310,413106146994,地铁,1,近江
3310,413106146995,地铁,1,近江
3310,413106146996,地铁,1,近江
3310,413106146997,地铁,1,近江
3310,413106146998,地铁,1,近江
3310,413106146999,地铁,1,近江
3310,413106147000,地铁,1,近江
3310,413106147001,地铁,1,近江
3310,413106147002,地铁,1,近江
3310,413106147003,地铁,1,近江
3310,413106147004,地铁,1,近江
3310,413106147008,地铁,5,善贤
3310,413106147009,地铁,5,善贤
3310,413106147010,地铁,5,善贤
3310,413106147011,地铁,5,善贤
3310,413106147012,地铁,5,善贤
3310,413106147013,地铁,5,善贤
3310,413106147014,地铁,5,善贤
3310,413106147015,地铁,5,善贤
3310,413106147016,地铁,5,善贤
3310,413106147017,地铁,5,善贤
3310,413106147018,地铁,5,善贤
3310,413106147019,地铁,5,善贤
3310,413106147020,地铁,5,善贤
3310,413106147021,地铁,5,善贤
3310,413106147022,地铁,5,善贤
3310,413106147023,地铁,5,善贤
3310,413106147024,地铁,5,善贤
3310,413106147025,地铁,5,善贤
3310,413106147026,地铁,5,善贤
3310,413106147027,地铁,5,善贤
3310,413106147028,地铁,5,善贤
3310,413106147029,地铁,5,善贤
3310,413106147030,地铁,5,善贤
3310,413106147031,地铁,5,善贤
3310,413106147032,地铁,5,拱宸桥东
3310,413106147033,地铁,5,拱宸桥东
3310,413106147034,地铁,5,拱宸桥东
3310,413106147035,地铁,5,拱宸桥东
3310,413106147036,地铁,5,拱宸桥东
3310,413106147037,地铁,5,拱宸桥东
3310,413106147038,地铁,5,拱宸桥东
3310,413106147039,地铁,5,拱宸桥东
3310,413106147040,地铁,5,拱宸桥东
3310,413106147041,地铁,5,拱宸桥东
3310,413106147042,地铁,5,拱宸桥东
3310,413106147043,地铁,5,拱宸桥东
3310,413106147044,地铁,5,拱宸桥东
3310,413106147045,地铁,5,拱宸桥东
3310,413106147046,地铁,5,拱宸桥东
3310,413106147047,地铁,5,拱宸桥东
3310,413106147048,地铁,5,拱宸桥东
3310,413106147049,地铁,5,拱宸桥东
3310,413106147050,地铁,5,拱宸桥东
3310,413106147051,地铁,5,拱宸桥东
3310,413106147052,地铁,5,拱宸桥东
3310,413106147053,地铁,5,拱宸桥东
3310,413106147054,地铁,5,拱宸桥东
3310,413106147055,地铁,5,拱宸桥东
3310,413106147056,地铁,5,拱宸桥东
3310,413106147058,地铁,5,大运河
3310,413106147059,地铁,5,大运河
3310,413106147060,地铁,5,大运河
3310,413106147061,地铁,5,大运河
3310,413106147062,地铁,5,大运河
3310,413106147063,地铁,5,大运河
3310,413106147064,地铁,5,大运河
3310,413106147065,地铁,5,大运河
3310,413106147066,地铁,5,大运河
3310,413106147067,地铁,5,大运河
3310,413106147068,地铁,5,大运河
3310,413106147069,地铁,5,大运河
3310,413106147070,地铁,5,大运河
3310,413106147071,地铁,5,大运河
3310,413106147072,地铁,5,大运河
3310,413106147073,地铁,5,大运河
3310,413106147074,地铁,5,大运河
3310,413106147075,地铁,5,大运河
3310,413106147076,地铁,5,大运河
3310,413106147077,地铁,5,大运河
3310,413106147078,地铁,5,和睦
3310,413106147079,地铁,5,和睦
3310,413106147080,地铁,5,和睦
3310,413106147081,地铁,5,和睦
3310,413106147082,地铁,5,和睦
3310,413106147083,地铁,5,和睦
3310,413106147084,地铁,5,和睦
3310,413106147085,地铁,5,和睦
3310,413106147086,地铁,5,和睦
3310,413106147087,地铁,5,和睦
3310,413106147088,地铁,5,和睦
3310,413106147089,地铁,5,和睦
3310,413106147090,地铁,5,和睦
3310,413106147091,地铁,5,和睦
3310,413106147092,地铁,5,和睦
3310,413106147093,地铁,5,和睦
3310,413106147094,地铁,5,和睦
3310,413106147095,地铁,5,和睦
3310,413106147096,地铁,5,和睦
3310,413106147097,地铁,5,和睦
3310,413106147098,地铁,5,和睦
3310,413106147099,地铁,5,和睦
3310,413106147100,地铁,5,和睦
3310,413106147101,地铁,5,和睦
3310,413106147102,地铁,5,和睦
3310,413106147103,地铁,5,和睦
3310,413106147104,地铁,5,和睦
3310,413106147105,地铁,5,和睦
3310,413106147106,地铁,5,和睦
3310,413106147107,地铁,5,和睦
3310,413106147108,地铁,5,萍水街
3310,413106147109,地铁,5,萍水街
3310,413106147110,地铁,5,萍水街
3310,413106147111,地铁,5,萍水街
3310,413106147112,地铁,5,萍水街
3310,413106147113,地铁,5,萍水街
3310,413106147114,地铁,5,萍水街
3310,413106147116,地铁,5,葛巷
3310,413106147117,地铁,5,葛巷
3310,413106147118,地铁,5,葛巷
3310,413106147119,地铁,5,葛巷
3310,413106147120,地铁,5,葛巷
3310,413106147121,地铁,5,葛巷
3310,413106147122,地铁,5,葛巷
3310,413106147123,地铁,5,葛巷
3310,413106147124,地铁,5,葛巷
3310,413106147125,地铁,5,葛巷
3310,413106147126,地铁,5,葛巷
3310,413106147127,地铁,5,葛巷
3310,413106147129,地铁,5,绿汀路
3310,413106147130,地铁,5,绿汀路
3310,413106147131,地铁,5,绿汀路
3310,413106147132,地铁,5,绿汀路
3310,413106147133,地铁,5,绿汀路
3310,413106147134,地铁,5,绿汀路
3310,413106147135,地铁,5,绿汀路
3310,413106147136,地铁,5,绿汀路
3310,413106147137,地铁,5,绿汀路
3310,413106147138,地铁,5,绿汀路
3310,413106147139,地铁,5,绿汀路
3310,413106147140,地铁,5,绿汀路
3310,413106147141,地铁,5,绿汀路
3310,413106147142,地铁,5,绿汀路
3310,413106147143,地铁,5,绿汀路
3310,413106147144,地铁,5,绿汀路
3310,413106147145,地铁,5,绿汀路
3310,413106147146,地铁,5,绿汀路
3310,413106147147,地铁,5,绿汀路
3310,413106147148,地铁,5,绿汀路
3310,413106147149,地铁,5,绿汀路
3310,413106147150,地铁,5,绿汀路
3310,413106147151,地铁,5,绿汀路
3310,413106147152,地铁,5,绿汀路
3310,413106147153,地铁,5,绿汀路
3310,413106147154,地铁,5,绿汀路
3310,413106147155,地铁,5,绿汀路
3310,413106147156,地铁,5,绿汀路
3310,413106147157,地铁,5,绿汀路
3310,413106147158,地铁,5,绿汀路
3310,413106147159,地铁,5,绿汀路
3310,413106147160,地铁,5,绿汀路
3310,413106147161,地铁,5,绿汀路
3310,413106147162,地铁,5,绿汀路
3310,413106147163,地铁,5,绿汀路
3310,413106147164,地铁,5,绿汀路
3310,413106147165,地铁,5,绿汀路
3310,413106147166,地铁,5,绿汀路
3310,413106147167,地铁,5,绿汀路
3310,413106147168,地铁,5,绿汀路
3310,413106147169,地铁,5,绿汀路
3310,413106147170,地铁,5,绿汀路
3310,413106147171,地铁,5,绿汀路
3310,413106147172,地铁,5,绿汀路
3310,413106147173,地铁,5,绿汀路
3310,413106147174,地铁,5,绿汀路
3310,413106147175,地铁,5,绿汀路
3310,413106147176,地铁,5,绿汀路
3310,413106147177,地铁,5,绿汀路
3310,413106147178,地铁,5,绿汀路
3310,413106147179,地铁,5,绿汀路
3310,413106147180,地铁,5,绿汀路
3310,413106147181,地铁,5,绿汀路
3310,413106147182,地铁,5,绿汀路
3310,413106147183,地铁,5,绿汀路
3310,413106147184,地铁,5,金星
3310,413106147185,地铁,5,金星
3310,413106147186,地铁,5,金星
3310,413106147187,地铁,5,金星
3310,413106147188,地铁,5,金星
3310,413106147189,地铁,5,金星
3310,413106147190,地铁,5,金星
3310,413106147191,地铁,5,金星
3310,413106147192,地铁,5,金星
3310,413106147193,地铁,5,金星
3310,413106147194,地铁,5,金星
3310,413106147195,地铁,5,金星
3310,413106147196,地铁,5,金星
3310,413106147197,地铁,5,金星
3310,413106147198,地铁,5,金星
3310,413106147199,地铁,5,金星
3310,413106147200,地铁,5,金星
3310,413106147201,地铁,5,金星
3310,413106147202,地铁,5,金星
3310,413106147203,地铁,5,金星
3310,413106147208,地铁,2,人民广场
3310,413106147209,地铁,2,人民广场
3310,413106147210,地铁,2,人民广场
3310,413106147211,地铁,2,人民广场
3310,413106147212,地铁,2,人民广场
3310,413106147213,地铁,2,人民广场
3310,413106147214,地铁,2,人民广场
3310,413106147215,地铁,2,人民广场
3310,413106147216,地铁,2,人民广场
3310,413106147217,地铁,2,人民广场
3310,413106147218,地铁,2,人民广场
3310,413106147219,地铁,2,人民广场
3310,413106147220,地铁,2,人民广场
3310,413106147221,地铁,2,人民广场
3310,413106147222,地铁,2,人民广场
3310,413106147223,地铁,2,人民广场
3310,413106147224,地铁,2,人民广场
3310,413106147225,地铁,2,人民广场
3310,413106147230,地铁,2,杭发厂
3310,413106147231,地铁,2,杭发厂
3310,413106147232,地铁,2,杭发厂
3310,413106147233,地铁,2,杭发厂
3310,413106147234,地铁,2,杭发厂
3310,413106147235,地铁,2,杭发厂
3310,413106147236,地铁,2,杭发厂
3310,413106147237,地铁,2,杭发厂
3310,413106147238,地铁,2,杭发厂
3310,413106147239,地铁,2,杭发厂
3310,413106147240,地铁,2,杭发厂
3310,413106147241,地铁,2,杭发厂
3310,413106147242,地铁,2,杭发厂
3310,413106147243,地铁,2,杭发厂
3310,413106147244,地铁,2,杭发厂
3310,413106147245,地铁,2,杭发厂
3310,413106147246,地铁,2,杭发厂
3310,413106147247,地铁,2,杭发厂
3310,413106147248,地铁,2,杭发厂
3310,413106147249,地铁,2,杭发厂
3310,413106147250,地铁,2,杭发厂
3310,413106147251,地铁,2,杭发厂
3310,413106147252,地铁,2,杭发厂
3310,413106147253,地铁,2,杭发厂
3310,413106147254,地铁,2,杭发厂
3310,413106147266,地铁,2,人民路
3310,413106147267,地铁,2,人民路
3310,413106147268,地铁,2,人民路
3310,413106147269,地铁,2,人民路
3310,413106147270,地铁,2,人民路
3310,413106147271,地铁,2,人民路
3310,413106147272,地铁,2,人民路
3310,413106147273,地铁,2,人民路
3310,413106147274,地铁,2,人民路
3310,413106147275,地铁,2,人民路
3310,413106147276,地铁,2,人民路
3310,413106147277,地铁,2,人民路
3310,413106147278,地铁,2,人民路
3310,413106147279,地铁,2,人民路
3310,413106147280,地铁,2,人民路
3310,413106147281,地铁,2,人民路
3310,413106147282,地铁,2,人民路
3310,413106147283,地铁,2,人民路
3310,413106147284,地铁,2,人民路
3310,413106147285,地铁,2,人民路
3310,413106147286,地铁,2,人民路
3310,413106147289,地铁,2,潘水
3310,413106147290,地铁,2,潘水
3310,413106147291,地铁,2,潘水
3310,413106147292,地铁,2,潘水
3310,413106147293,地铁,2,潘水
3310,413106147294,地铁,2,潘水
3310,413106147295,地铁,2,潘水
3310,413106147296,地铁,2,潘水
3310,413106147297,地铁,2,潘水
3310,413106147298,地铁,2,潘水
3310,413106147299,地铁,2,潘水
3310,413106147300,地铁,2,潘水
3310,413106147301,地铁,2,潘水
3310,413106147302,地铁,2,潘水
3310,413106147303,地铁,2,潘水
3310,413106147304,地铁,2,潘水
3310,413106147305,地铁,2,潘水
3310,413106147306,地铁,2,潘水
3310,413106147307,地铁,2,潘水
3310,413106147308,地铁,2,潘水
3310,413106147309,地铁,2,潘水
3310,413106147310,地铁,2,潘水
3310,413106147311,地铁,2,潘水
3310,413106147312,地铁,2,潘水
3310,413106147313,地铁,2,潘水
3310,413106147314,地铁,2,潘水
3310,413106147315,地铁,2,潘水
3310,413106147316,地铁,2,潘水
3310,413106147317,地铁,2,潘水
3310,413106147320,地铁,2,曹家桥
3310,413106147321,地铁,2,曹家桥
3310,413106147322,地铁,2,曹家桥
3310,413106147323,地铁,2,曹家桥
3310,413106147324,地铁,2,曹家桥
3310,413106147325,地铁,2,曹家桥
3310,413106147326,地铁,2,曹家桥
3310,413106147327,地铁,2,曹家桥
3310,413106147328,地铁,2,曹家桥
3310,413106147329,地铁,2,曹家桥
3310,413106147330,地铁,2,曹家桥
3310,413106147331,地铁,2,曹家桥
3310,413106147332,地铁,2,曹家桥
3310,413106147333,地铁,2,曹家桥
3310,413106147334,地铁,2,曹家桥
3310,413106147335,地铁,2,曹家桥
3310,413106147336,地铁,2,曹家桥
3310,413106147337,地铁,2,曹家桥
3310,413106147338,地铁,2,曹家桥
3310,413106147339,地铁,2,曹家桥
3310,413106147340,地铁,2,曹家桥
3310,413106147341,地铁,2,曹家桥
3310,413106147342,地铁,2,曹家桥
3310,413106147343,地铁,2,曹家桥
3310,413106147344,地铁,2,曹家桥
3310,413106147345,地铁,2,曹家桥
3310,413106147346,地铁,2,曹家桥
3310,413106147347,地铁,2,曹家桥
3310,413106147348,地铁,2,曹家桥
3310,413106147349,地铁,2,曹家桥
3310,413106147352,地铁,2,朝阳
3310,413106147353,地铁,2,朝阳
3310,413106147354,地铁,2,朝阳
3310,413106147355,地铁,2,朝阳
3310,413106147356,地铁,2,朝阳
3310,413106147357,地铁,2,朝阳
3310,413106147358,地铁,2,朝阳
3310,413106147359,地铁,2,朝阳
3310,413106147360,地铁,2,朝阳
3310,413106147361,地铁,2,朝阳
3310,413106147362,地铁,2,朝阳
3310,413106147363,地铁,2,朝阳
3310,413106147364,地铁,2,朝阳
3310,413106147365,地铁,2,朝阳
3310,413106147366,地铁,2,朝阳
3310,413106147367,地铁,2,朝阳
3310,413106147368,地铁,2,朝阳
3310,413106147369,地铁,2,朝阳
3310,413106147370,地铁,2,朝阳
3310,413106147371,地铁,2,朝阳
3310,413106147372,地铁,2,朝阳
3310,413106147373,地铁,2,朝阳
3310,413106147374,地铁,2,朝阳
3310,413106147375,地铁,2,朝阳
3310,413106147376,地铁,2,朝阳
3310,413106147377,地铁,2,朝阳
3310,413106147378,地铁,2,朝阳
3310,413106147379,地铁,2,朝阳
3310,413106147380,地铁,2,朝阳
3310,413106147381,地铁,2,朝阳
3310,413106147382,地铁,2,朝阳
3310,413106147383,地铁,2,朝阳
3310,413106147384,地铁,2,朝阳
3310,413106147385,地铁,2,朝阳
3310,413106147388,地铁,2,良渚
3310,413106147389,地铁,2,良渚
3310,413106147390,地铁,2,良渚
3310,413106147391,地铁,2,良渚
3310,413106147392,地铁,2,良渚
3310,413106147393,地铁,2,良渚
3310,413106147394,地铁,2,良渚
3310,413106147395,地铁,2,良渚
3310,413106147396,地铁,2,良渚
3310,413106147397,地铁,2,良渚
3310,413106147398,地铁,2,良渚
3310,413106147399,地铁,2,良渚
3310,413106147400,地铁,2,良渚
3310,413106147401,地铁,2,良渚
3310,413106147412,地铁,2,钱江路
3310,413106147413,地铁,2,钱江路
3310,413106147414,地铁,2,钱江路
3310,413106147415,地铁,2,钱江路
3310,413106147416,地铁,2,钱江路
3310,413106147417,地铁,2,钱江路
3310,413106147418,地铁,2,钱江路
3310,413106147419,地铁,2,钱江路
3310,413106147420,地铁,2,钱江路
3310,413106147421,地铁,2,钱江路
3310,413106147422,地铁,2,钱江路
3310,413106147423,地铁,2,钱江路
3310,413106147424,地铁,2,钱江路
3310,413106147425,地铁,2,钱江路
3310,413106147426,地铁,2,钱江路
3310,413106147427,地铁,2,钱江路
3310,413106147428,地铁,2,钱江路
3310,413106147429,地铁,2,钱江路
3310,413106147430,地铁,2,钱江路
3310,413106147431,地铁,2,钱江路
3310,413106147432,地铁,2,钱江路
3310,413106147433,地铁,2,钱江路
3310,413106147434,地铁,2,钱江路
3310,413106147435,地铁,2,钱江路
3310,413106147436,地铁,2,钱江路
3310,413106147437,地铁,2,钱江路
3310,413106147438,地铁,2,钱江路
3310,413106147439,地铁,2,钱江路
3310,413106147440,地铁,2,钱江路
3310,413106147441,地铁,2,钱江路
3310,413106147442,地铁,2,钱江路
3310,413106147443,地铁,2,钱江路
3310,413106147444,地铁,2,钱江路
3310,413106147445,地铁,2,钱江路
3310,413106147446,地铁,2,钱江路
3310,413106147447,地铁,2,钱江路
3310,413106147448,地铁,2,钱江路
3310,413106147449,地铁,2,钱江路
3310,413106147450,地铁,2,钱江路
3310,413106147451,地铁,2,钱江路
3310,413106147452,地铁,2,钱江路
3310,413106147453,地铁,2,钱江路
3310,413106147454,地铁,2,钱江路
3310,413106147455,地铁,2,钱江路
3310,413106147456,地铁,2,钱江路
3310,413106147457,地铁,2,钱江路
3310,413106147458,地铁,2,钱江路
3310,413106147459,地铁,2,钱江路
3310,413106147460,地铁,2,钱江路
3310,413106147461,地铁,2,钱江路
3310,413106147462,地铁,2,钱江路
3310,413106147463,地铁,2,钱江路
3310,413106147464,地铁,2,钱江路
3310,413106147465,地铁,2,钱江路
3310,413106147466,地铁,2,钱江路
3310,413106147467,地铁,2,钱江路
3310,413106147481,地铁,2,钱江世纪城
3310,413106147482,地铁,2,钱江世纪城
3310,413106147483,地铁,2,钱江世纪城
3310,413106147484,地铁,2,钱江世纪城
3310,413106147485,地铁,2,钱江世纪城
3310,413106147486,地铁,2,钱江世纪城
3310,413106147487,地铁,2,钱江世纪城
3310,413106147488,地铁,2,钱江世纪城
3310,413106147489,地铁,2,钱江世纪城
3310,413106147490,地铁,2,钱江世纪城
3310,413106147491,地铁,2,钱江世纪城
3310,413106147492,地铁,2,钱江世纪城
3310,413106147493,地铁,2,钱江世纪城
3310,413106147494,地铁,2,钱江世纪城
3310,413106147495,地铁,2,钱江世纪城
3310,413106147496,地铁,2,钱江世纪城
3310,413106147497,地铁,2,钱江世纪城
3310,413106147498,地铁,2,钱江世纪城
3310,413106147499,地铁,2,钱江世纪城
3310,413106147500,地铁,2,钱江世纪城
3310,413106147501,地铁,2,钱江世纪城
3310,413106147502,地铁,2,钱江世纪城
3310,413106147503,地铁,2,钱江世纪城
3310,413106147504,地铁,2,钱江世纪城
3310,413106147505,地铁,2,钱江世纪城
3310,413106147506,地铁,2,钱江世纪城
3310,413106147512,地铁,2,建国北路
3310,413106147513,地铁,2,建国北路
3310,413106147514,地铁,2,建国北路
3310,413106147515,地铁,2,建国北路
3310,413106147516,地铁,2,建国北路
3310,413106147517,地铁,2,建国北路
3310,413106147518,地铁,2,建国北路
3310,413106147519,地铁,2,建国北路
3310,413106147523,地铁,2,庆菱路
3310,413106147524,地铁,2,庆菱路
3310,413106147525,地铁,2,庆菱路
3310,413106147526,地铁,2,庆菱路
3310,413106147527,地铁,2,庆菱路
3310,413106147528,地铁,2,庆菱路
3310,413106147529,地铁,2,庆菱路
3310,413106147530,地铁,2,庆菱路
3310,413106147531,地铁,2,庆菱路
3310,413106147532,地铁,2,庆菱路
3310,413106147533,地铁,2,庆菱路
3310,413106147534,地铁,2,庆菱路
3310,413106147535,地铁,2,庆菱路
3310,413106147536,地铁,2,庆菱路
3310,413106147537,地铁,2,庆菱路
3310,413106147538,地铁,2,庆菱路
3310,413106147539,地铁,2,庆菱路
3310,413106147540,地铁,2,庆菱路
3310,413106147541,地铁,2,庆菱路
3310,413106147542,地铁,2,庆菱路
3310,413106147543,地铁,2,庆菱路
3310,413106147544,地铁,2,庆菱路
3310,413106147545,地铁,2,庆菱路
3310,413106147546,地铁,2,庆菱路
3310,413106147549,地铁,2,庆春广场
3310,413106147550,地铁,2,庆春广场
3310,413106147551,地铁,2,庆春广场
3310,413106147552,地铁,2,庆春广场
3310,413106147553,地铁,2,庆春广场
3310,413106147554,地铁,2,庆春广场
3310,413106147555,地铁,2,庆春广场
3310,413106147556,地铁,2,庆春广场
3310,413106147557,地铁,2,庆春广场
3310,413106147558,地铁,2,庆春广场
3310,413106147559,地铁,2,庆春广场
3310,413106147560,地铁,2,庆春广场
3310,413106147561,地铁,2,庆春广场
3310,413106147562,地铁,2,庆春广场
3310,413106147563,地铁,2,庆春广场
3310,413106147564,地铁,2,庆春广场
3310,413106147565,地铁,2,庆春广场
3310,413106147566,地铁,2,庆春广场
3310,413106147567,地铁,2,庆春广场
3310,413106147568,地铁,2,庆春广场
3310,413106147569,地铁,2,庆春广场
3310,413106147570,地铁,2,庆春广场
3310,413106147571,地铁,2,庆春广场
3310,413106147572,地铁,2,庆春广场
3310,413106147573,地铁,2,庆春广场
3310,413106147574,地铁,2,庆春广场
3310,413106147575,地铁,2,庆春广场
3310,413106147576,地铁,2,庆春广场
3310,413106147577,地铁,2,庆春广场
3310,413106147578,地铁,2,庆春广场
3310,413106147579,地铁,2,庆春广场
3310,413106147580,地铁,2,庆春广场
3310,413106147581,地铁,2,庆春广场
3310,413106147582,地铁,2,庆春广场
3310,413106147583,地铁,2,庆春广场
3310,413106147584,地铁,2,庆春广场
3310,413106147585,地铁,2,庆春广场
3310,413106147586,地铁,2,庆春广场
3310,413106147587,地铁,2,庆春广场
3310,413106147588,地铁,2,庆春广场
3310,413106147589,地铁,2,庆春广场
3310,413106147590,地铁,2,庆春广场
3310,413106147591,地铁,2,庆春广场
3310,413106147592,地铁,2,庆春广场
3310,413106147597,地铁,2,钱江路
3310,413106147598,地铁,2,钱江路
3310,413106147599,地铁,2,钱江路
3310,413106147600,地铁,2,钱江路
3310,413106147601,地铁,2,钱江路
3310,413106147602,地铁,2,钱江路
3310,413106147603,地铁,2,钱江路
3310,413106147604,地铁,2,钱江路
3310,413106147605,地铁,2,钱江路
3310,413106147606,地铁,2,钱江路
3310,413106147607,地铁,2,钱江路
3310,413106147608,地铁,2,钱江路
3310,413106147612,地铁,2,虾龙圩
3310,413106147613,地铁,2,虾龙圩
3310,413106147614,地铁,2,虾龙圩
3310,413106147615,地铁,2,虾龙圩
3310,413106147616,地铁,2,虾龙圩
3310,413106147617,地铁,2,虾龙圩
3310,413106147618,地铁,2,虾龙圩
3310,413106147619,地铁,2,虾龙圩
3310,413106147620,地铁,2,虾龙圩
3310,413106147621,地铁,2,虾龙圩
3310,413106147622,地铁,2,虾龙圩
3310,413106147623,地铁,2,虾龙圩
3310,413106147624,地铁,2,虾龙圩
3310,413106147625,地铁,2,虾龙圩
3310,413106147626,地铁,2,虾龙圩
3310,413106147627,地铁,2,虾龙圩
3310,413106147628,地铁,2,虾龙圩
3310,413106147629,地铁,2,虾龙圩
3310,413106147630,地铁,2,虾龙圩
3310,413106147631,地铁,2,虾龙圩
3310,413106147632,地铁,2,虾龙圩
3310,413106147633,地铁,2,虾龙圩
3310,413106147634,地铁,2,虾龙圩
3310,413106147635,地铁,2,虾龙圩
3310,413106147636,地铁,2,虾龙圩
3310,413106147639,地铁,2,三坝
3310,413106147640,地铁,2,三坝
3310,413106147641,地铁,2,三坝
3310,413106147642,地铁,2,三坝
3310,413106147643,地铁,2,三坝
3310,413106147644,地铁,2,三坝
3310,413106147645,地铁,2,三坝
3310,413106147646,地铁,2,三坝
3310,413106147647,地铁,2,三坝
3310,413106147648,地铁,2,三坝
3310,413106147649,地铁,2,三坝
3310,413106147650,地铁,2,三坝
3310,413106147651,地铁,2,三坝
3310,413106147652,地铁,2,三坝
3310,413106147653,地铁,2,三坝
3310,413106147654,地铁,2,三坝
3310,413106147655,地铁,2,三坝
3310,413106147656,地铁,2,三坝
3310,413106147657,地铁,2,三坝
3310,413106147658,地铁,2,三坝
3310,413106147659,地铁,2,三坝
3310,413106147660,地铁,2,三坝
3310,413106147661,地铁,2,三坝
3310,413106147662,地铁,2,三坝
3310,413106147663,地铁,2,三坝
3310,413106147664,地铁,2,三坝
3310,413106147665,地铁,2,三坝
3310,413106147666,地铁,2,三坝
3310,413106147667,地铁,2,三坝
3310,413106147668,地铁,2,三坝
3310,413106147669,地铁,2,三坝
3310,413106147670,地铁,2,三坝
3310,413106147673,地铁,2,文新
3310,413106147674,地铁,2,文新
3310,413106147675,地铁,2,文新
3310,413106147676,地铁,2,文新
3310,413106147677,地铁,2,文新
3310,413106147678,地铁,2,文新
3310,413106147679,地铁,2,文新
3310,413106147680,地铁,2,文新
3310,413106147681,地铁,2,文新
3310,413106147682,地铁,2,文新
3310,413106147683,地铁,2,文新
3310,413106147684,地铁,2,文新
3310,413106147685,地铁,2,文新
3310,413106147686,地铁,2,文新
3310,413106147687,地铁,2,文新
3310,413106147688,地铁,2,文新
3310,413106147689,地铁,2,文新
3310,413106147690,地铁,2,文新
3310,413106147691,地铁,2,文新
3310,413106147692,地铁,2,文新
3310,413106147693,地铁,2,文新
3310,413106147694,地铁,2,文新
3310,413106147698,地铁,4,新塘
3310,413106147704,地铁,2,文新
3310,413106147736,地铁,4,新塘
3310,413106147737,地铁,4,新塘
3310,413106147738,地铁,4,新塘
3310,413106147739,地铁,4,新塘
3310,413106147740,地铁,4,新塘
3310,413106147741,地铁,4,新塘
3310,413106147742,地铁,4,新塘
3310,413106147743,地铁,4,新塘
3310,413106147744,地铁,4,新塘
3310,413106147745,地铁,4,新塘
3310,413106147746,地铁,4,新塘
3310,413106147747,地铁,4,新塘
3310,413106147748,地铁,4,新塘
3310,413106147749,地铁,4,新塘
3310,413106147750,地铁,4,新塘
3310,413106147755,地铁,4,景芳
3310,413106147756,地铁,4,景芳
3310,413106147757,地铁,4,景芳
3310,413106147758,地铁,4,景芳
3310,413106147759,地铁,4,景芳
3310,413106147760,地铁,4,景芳
3310,413106147761,地铁,4,景芳
3310,413106147762,地铁,4,景芳
3310,413106147763,地铁,4,景芳
3310,413106147764,地铁,4,景芳
3310,413106147765,地铁,4,景芳
3310,413106147766,地铁,4,景芳
3310,413106147767,地铁,4,景芳
3310,413106147768,地铁,4,景芳
3310,413106147769,地铁,4,景芳
3310,413106147770,地铁,4,景芳
3310,413106147771,地铁,4,景芳
3310,413106147772,地铁,4,景芳
3310,413106147773,地铁,4,景芳
3310,413106147774,地铁,4,景芳
3310,413106147775,地铁,4,景芳
3310,413106147776,地铁,4,景芳
3310,413106147777,地铁,4,市民中心
3310,413106147778,地铁,4,市民中心
3310,413106147779,地铁,4,市民中心
3310,413106147780,地铁,4,市民中心
3310,413106147781,地铁,4,市民中心
3310,413106147782,地铁,4,市民中心
3310,413106147783,地铁,4,市民中心
3310,413106147784,地铁,4,市民中心
3310,413106147785,地铁,4,市民中心
3310,413106147786,地铁,4,市民中心
3310,413106147787,地铁,4,市民中心
3310,413106147788,地铁,4,市民中心
3310,413106147789,地铁,4,市民中心
3310,413106147790,地铁,4,市民中心
3310,413106147791,地铁,4,市民中心
3310,413106147792,地铁,4,市民中心
3310,413106147793,地铁,4,市民中心
3310,413106147794,地铁,4,市民中心
3310,413106147795,地铁,4,市民中心
3310,413106147796,地铁,4,市民中心
3310,413106147797,地铁,4,市民中心
3310,413106147798,地铁,4,市民中心
3310,413106147799,地铁,4,市民中心
3310,413106147800,地铁,4,市民中心
3310,413106147814,地铁,2,钱江世纪城
3310,413106147815,地铁,2,钱江世纪城
3310,413106147816,地铁,2,钱江世纪城
3310,413106147817,地铁,2,钱江世纪城
3310,413106147818,地铁,2,钱江世纪城
3310,413106147819,地铁,2,钱江世纪城
3310,413106147820,地铁,2,钱江世纪城
3310,413106147821,地铁,2,钱江世纪城
3310,413106147822,地铁,2,钱江世纪城
3310,413106147823,地铁,2,钱江世纪城
3310,413106147824,地铁,2,钱江世纪城
3310,413106147825,地铁,2,钱江世纪城
3310,413106147826,地铁,2,钱江世纪城
3310,413106147827,地铁,2,钱江世纪城
3310,413106147828,地铁,2,钱江世纪城
3310,413106147829,地铁,2,钱江世纪城
3310,413106147832,地铁,2,盈丰路
3310,413106147833,地铁,2,盈丰路
3310,413106147834,地铁,2,盈丰路
3310,413106147835,地铁,2,盈丰路
3310,413106147836,地铁,2,盈丰路
3310,413106147837,地铁,2,盈丰路
3310,413106147838,地铁,2,盈丰路
3310,413106147839,地铁,2,盈丰路
3310,413106147840,地铁,2,盈丰路
3310,413106147841,地铁,2,盈丰路
3310,413106147842,地铁,2,盈丰路
3310,413106147843,地铁,2,盈丰路
3310,413106147844,地铁,2,盈丰路
3310,413106147845,地铁,2,盈丰路
3310,413106147846,地铁,2,盈丰路
3310,413106147847,地铁,2,盈丰路
3310,413106147848,地铁,2,盈丰路
3310,413106147849,地铁,2,盈丰路
3310,413106147850,地铁,2,盈丰路
3310,413106147851,地铁,2,盈丰路
3310,413106147852,地铁,2,盈丰路
3310,413106147853,地铁,2,盈丰路
3310,413106147854,地铁,2,盈丰路
3310,413106147855,地铁,2,盈丰路
3310,413106147856,地铁,2,盈丰路
3310,413106147857,地铁,2,盈丰路
3310,413106147858,地铁,2,盈丰路
3310,413106147859,地铁,2,盈丰路
3310,413106147860,地铁,2,盈丰路
3310,413106147861,地铁,2,盈丰路
3310,413106147862,地铁,2,盈丰路
3310,413106147863,地铁,2,盈丰路
3310,413106147864,地铁,2,盈丰路
3310,413106147865,地铁,2,盈丰路
3310,413106147866,地铁,2,盈丰路
3310,413106147867,地铁,2,盈丰路
3310,413106147868,地铁,2,盈丰路
3310,413106147869,地铁,2,盈丰路
3310,413106147872,地铁,2,飞虹路
3310,413106147873,地铁,2,飞虹路
3310,413106147874,地铁,2,飞虹路
3310,413106147875,地铁,2,飞虹路
3310,413106147876,地铁,2,飞虹路
3310,413106147877,地铁,2,飞虹路
3310,413106147878,地铁,2,飞虹路
3310,413106147879,地铁,2,飞虹路
3310,413106147880,地铁,2,飞虹路
3310,413106147881,地铁,2,飞虹路
3310,413106147882,地铁,2,飞虹路
3310,413106147883,地铁,2,飞虹路
3310,413106147884,地铁,2,飞虹路
3310,413106147885,地铁,2,飞虹路
3310,413106147886,地铁,2,飞虹路
3310,413106147887,地铁,2,飞虹路
3310,413106147888,地铁,2,飞虹路
3310,413106147889,地铁,2,飞虹路
3310,413106147890,地铁,2,飞虹路
3310,413106147891,地铁,2,飞虹路
3310,413106147892,地铁,2,飞虹路
3310,413106147893,地铁,2,飞虹路
3310,413106147894,地铁,2,飞虹路
3310,413106147895,地铁,2,飞虹路
3310,413106147896,地铁,2,飞虹路
3310,413106147897,地铁,2,飞虹路
3310,413106147898,地铁,2,飞虹路
3310,413106147899,地铁,2,飞虹路
3310,413106147900,地铁,2,飞虹路
3310,413106147901,地铁,2,飞虹路
3310,413106147902,地铁,2,飞虹路
3310,413106147903,地铁,2,飞虹路
3310,413106147904,地铁,2,飞虹路
3310,413106147905,地铁,2,飞虹路
3310,413106147906,地铁,2,飞虹路
3310,413106147907,地铁,2,飞虹路
3310,413106147908,地铁,2,飞虹路
3310,413106147911,地铁,2,振宁路
3310,413106147912,地铁,2,振宁路
3310,413106147913,地铁,2,振宁路
3310,413106147914,地铁,2,振宁路
3310,413106147915,地铁,2,振宁路
3310,413106147916,地铁,2,振宁路
3310,413106147917,地铁,2,振宁路
3310,413106147918,地铁,2,振宁路
3310,413106147919,地铁,2,振宁路
3310,413106147920,地铁,2,振宁路
3310,413106147921,地铁,2,振宁路
3310,413106147922,地铁,2,振宁路
3310,413106147923,地铁,2,振宁路
3310,413106147924,地铁,2,振宁路
3310,413106147925,地铁,2,振宁路
3310,413106147926,地铁,2,振宁路
3310,413106147927,地铁,2,振宁路
3310,413106147928,地铁,2,振宁路
3310,413106147929,地铁,2,振宁路
3310,413106147930,地铁,2,振宁路
3310,413106147931,地铁,2,振宁路
3310,413106147932,地铁,2,振宁路
3310,413106147933,地铁,2,振宁路
3310,413106147934,地铁,2,振宁路
3310,413106147935,地铁,2,振宁路
3310,413106147936,地铁,2,振宁路
3310,413106147937,地铁,2,振宁路
3310,413106147938,地铁,2,振宁路
3310,413106147941,地铁,2,建设三路
3310,413106147942,地铁,2,建设三路
3310,413106147943,地铁,2,建设三路
3310,413106147944,地铁,2,建设三路
3310,413106147945,地铁,2,建设三路
3310,413106147946,地铁,2,建设三路
3310,413106147947,地铁,2,建设三路
3310,413106147948,地铁,2,建设三路
3310,413106147949,地铁,2,建设三路
3310,413106147950,地铁,2,建设三路
3310,413106147951,地铁,2,建设三路
3310,413106147952,地铁,2,建设三路
3310,413106147953,地铁,2,建设三路
3310,413106147954,地铁,2,建设三路
3310,413106147955,地铁,2,建设三路
3310,413106147956,地铁,2,建设三路
3310,413106147957,地铁,2,建设三路
3310,413106147958,地铁,2,建设三路
3310,413106147959,地铁,2,建设三路
3310,413106147960,地铁,2,建设三路
3310,413106147961,地铁,2,建设三路
3310,413106147962,地铁,2,建设三路
3310,413106147963,地铁,2,建设三路
3310,413106147964,地铁,2,建设三路
3310,413106147965,地铁,2,建设三路
3310,413106147966,地铁,2,建设三路
3310,413106147967,地铁,2,建设三路
3310,413106147968,地铁,2,建设三路
3310,413106147972,地铁,2,建设一路
3310,413106147973,地铁,2,建设一路
3310,413106147974,地铁,2,建设一路
3310,413106147975,地铁,2,建设一路
3310,413106147976,地铁,2,建设一路
3310,413106147977,地铁,2,建设一路
3310,413106147978,地铁,2,建设一路
3310,413106147979,地铁,2,建设一路
3310,413106147980,地铁,2,建设一路
3310,413106147981,地铁,2,建设一路
3310,413106147982,地铁,2,建设一路
3310,413106147983,地铁,2,建设一路
3310,413106147984,地铁,2,建设一路
3310,413106147985,地铁,2,建设一路
3310,413106147986,地铁,2,建设一路
3310,413106147987,地铁,2,建设一路
3310,413106147988,地铁,2,建设一路
3310,413106147989,地铁,2,建设一路
3310,413106147990,地铁,2,建设一路
3310,413106147991,地铁,2,建设一路
3310,413106147992,地铁,2,建设一路
3310,413106147993,地铁,2,建设一路
3310,413106147994,地铁,2,建设一路
3310,413106147995,地铁,2,建设一路
3310,413106147999,地铁,2,人民广场
3310,413106148000,地铁,2,人民广场
3310,413106148001,地铁,2,人民广场
3310,413106148002,地铁,2,人民广场
3310,413106148003,地铁,2,人民广场
3310,413106148004,地铁,2,人民广场
3310,413106148005,地铁,2,人民广场
3310,413106148006,地铁,2,人民广场
3310,413106148017,地铁,2,良渚
3310,413106148018,地铁,2,良渚
3310,413106148019,地铁,2,良渚
3310,413106148020,地铁,2,良渚
3310,413106148021,地铁,2,良渚
3310,413106148022,地铁,2,良渚
3310,413106148023,地铁,2,良渚
3310,413106148024,地铁,2,良渚
3310,413106148025,地铁,2,良渚
3310,413106148026,地铁,2,良渚
3310,413106148027,地铁,2,良渚
3310,413106148028,地铁,2,良渚
3310,413106148029,地铁,2,良渚
3310,413106148030,地铁,2,良渚
3310,413106148031,地铁,2,良渚
3310,413106148032,地铁,2,良渚
3310,413106148033,地铁,2,良渚
3310,413106148034,地铁,2,良渚
3310,413106148035,地铁,2,良渚
3310,413106148036,地铁,2,良渚
3310,413106148037,地铁,2,良渚
3310,413106148038,地铁,2,良渚
3310,413106148039,地铁,2,良渚
3310,413106148040,地铁,2,良渚
3310,413106148041,地铁,2,良渚
3310,413106148042,地铁,2,良渚
3310,413106148046,地铁,2,杜甫村
3310,413106148047,地铁,2,杜甫村
3310,413106148048,地铁,2,杜甫村
3310,413106148049,地铁,2,杜甫村
3310,413106148050,地铁,2,杜甫村
3310,413106148051,地铁,2,杜甫村
3310,413106148052,地铁,2,杜甫村
3310,413106148053,地铁,2,杜甫村
3310,413106148054,地铁,2,杜甫村
3310,413106148055,地铁,2,杜甫村
3310,413106148056,地铁,2,杜甫村
3310,413106148057,地铁,2,杜甫村
3310,413106148058,地铁,2,杜甫村
3310,413106148059,地铁,2,杜甫村
3310,413106148060,地铁,2,杜甫村
3310,413106148061,地铁,2,杜甫村
3310,413106148062,地铁,2,杜甫村
3310,413106148063,地铁,2,杜甫村
3310,413106148064,地铁,2,杜甫村
3310,413106148065,地铁,2,杜甫村
3310,413106148066,地铁,2,杜甫村
3310,413106148067,地铁,2,杜甫村
3310,413106148068,地铁,2,杜甫村
3310,413106148069,地铁,2,杜甫村
3310,413106148070,地铁,2,杜甫村
3310,413106148071,地铁,2,杜甫村
3310,413106148072,地铁,2,杜甫村
3310,413106148073,地铁,2,杜甫村
3310,413106148074,地铁,2,杜甫村
3310,413106148075,地铁,2,杜甫村
3310,413106148076,地铁,2,杜甫村
3310,413106148077,地铁,2,杜甫村
3310,413106148081,地铁,2,白洋
3310,413106148082,地铁,2,白洋
3310,413106148083,地铁,2,白洋
3310,413106148084,地铁,2,白洋
3310,413106148085,地铁,2,白洋
3310,413106148086,地铁,2,白洋
3310,413106148087,地铁,2,白洋
3310,413106148088,地铁,2,白洋
3310,413106148089,地铁,2,白洋
3310,413106148090,地铁,2,白洋
3310,413106148091,地铁,2,白洋
3310,413106148092,地铁,2,白洋
3310,413106148093,地铁,2,白洋
3310,413106148094,地铁,2,白洋
3310,413106148095,地铁,2,白洋
3310,413106148096,地铁,2,白洋
3310,413106148097,地铁,2,白洋
3310,413106148098,地铁,2,白洋
3310,413106148099,地铁,2,白洋
3310,413106148100,地铁,2,白洋
3310,413106148101,地铁,2,白洋
3310,413106148102,地铁,2,白洋
3310,413106148103,地铁,2,白洋
3310,413106148104,地铁,2,白洋
3310,413106148105,地铁,2,白洋
3310,413106148110,地铁,2,金家渡
3310,413106148111,地铁,2,金家渡
3310,413106148112,地铁,2,金家渡
3310,413106148113,地铁,2,金家渡
3310,413106148114,地铁,2,金家渡
3310,413106148115,地铁,2,金家渡
3310,413106148116,地铁,2,金家渡
3310,413106148117,地铁,2,金家渡
3310,413106148118,地铁,2,金家渡
3310,413106148119,地铁,2,金家渡
3310,413106148120,地铁,2,金家渡
3310,413106148121,地铁,2,金家渡
3310,413106148122,地铁,2,金家渡
3310,413106148123,地铁,2,金家渡
3310,413106148124,地铁,2,金家渡
3310,413106148125,地铁,2,金家渡
3310,413106148126,地铁,2,金家渡
3310,413106148127,地铁,2,金家渡
3310,413106148128,地铁,2,金家渡
3310,413106148129,地铁,2,金家渡
3310,413106148130,地铁,2,金家渡
3310,413106148131,地铁,2,金家渡
3310,413106148132,地铁,2,金家渡
3310,413106148133,地铁,2,金家渡
3310,413106148134,地铁,2,金家渡
3310,413106148135,地铁,2,金家渡
3310,413106148136,地铁,2,金家渡
3310,413106148137,地铁,2,金家渡
3310,413106148138,地铁,2,金家渡
3310,413106148139,地铁,2,金家渡
3310,413106148140,地铁,2,金家渡
3310,413106148141,地铁,2,金家渡
3310,413106148142,地铁,2,金家渡
3310,413106148143,地铁,2,金家渡
3310,413106148144,地铁,2,金家渡
3310,413106148145,地铁,2,金家渡
3310,413106148146,地铁,2,金家渡
3310,413106148147,地铁,2,金家渡
3310,413106148148,地铁,2,金家渡
3310,413106148151,地铁,2,墩祥街
3310,413106148152,地铁,2,墩祥街
3310,413106148153,地铁,2,墩祥街
3310,413106148154,地铁,2,墩祥街
3310,413106148155,地铁,2,墩祥街
3310,413106148156,地铁,2,墩祥街
3310,413106148157,地铁,2,墩祥街
3310,413106148158,地铁,2,墩祥街
3310,413106148159,地铁,2,墩祥街
3310,413106148160,地铁,2,墩祥街
3310,413106148161,地铁,2,墩祥街
3310,413106148162,地铁,2,墩祥街
3310,413106148163,地铁,2,墩祥街
3310,413106148164,地铁,2,墩祥街
3310,413106148165,地铁,2,墩祥街
3310,413106148166,地铁,2,墩祥街
3310,413106148167,地铁,2,墩祥街
3310,413106148168,地铁,2,墩祥街
3310,413106148169,地铁,2,墩祥街
3310,413106148170,地铁,2,墩祥街
3310,413106148171,地铁,2,墩祥街
3310,413106148172,地铁,2,墩祥街
3310,413106148173,地铁,2,墩祥街
3310,413106148174,地铁,2,墩祥街
3310,413106148175,地铁,2,墩祥街
3310,413106148176,地铁,2,墩祥街
3310,413106148177,地铁,2,墩祥街
3310,413106148178,地铁,2,墩祥街
3310,413106148179,地铁,2,墩祥街
3310,413106148180,地铁,2,墩祥街
3310,413106148183,地铁,2,三墩
3310,413106148184,地铁,2,三墩
3310,413106148185,地铁,2,三墩
3310,413106148186,地铁,2,三墩
3310,413106148187,地铁,2,三墩
3310,413106148188,地铁,2,三墩
3310,413106148189,地铁,2,三墩
3310,413106148190,地铁,2,三墩
3310,413106148191,地铁,2,三墩
3310,413106148192,地铁,2,三墩
3310,413106148193,地铁,2,三墩
3310,413106148194,地铁,2,三墩
3310,413106148195,地铁,2,三墩
3310,413106148196,地铁,2,三墩
3310,413106148197,地铁,2,三墩
3310,413106148198,地铁,2,三墩
3310,413106148199,地铁,2,三墩
3310,413106148200,地铁,2,三墩
3310,413106148201,地铁,2,三墩
3310,413106148202,地铁,2,三墩
3310,413106148203,地铁,2,三墩
3310,413106148204,地铁,2,三墩
3310,413106148205,地铁,2,三墩
3310,413106148206,地铁,2,三墩
3310,413106148207,地铁,2,三墩
3310,413106148208,地铁,2,三墩
3310,413106148209,地铁,2,三墩
3310,413106148210,地铁,2,三墩
3310,413106148211,地铁,2,三墩
3310,413106148212,地铁,2,三墩
3310,413106148213,地铁,2,三墩
3310,413106148214,地铁,2,三墩
3310,413106148215,地铁,2,三墩
3310,413106148220,地铁,2,潘水
3310,413106148221,地铁,4,景芳
3310,413106148223,地铁,5,永福
3310,413106148224,地铁,5,永福
3310,413106148225,地铁,5,永福
3310,413106148226,地铁,5,永福
3310,413106148227,地铁,5,永福
3310,413106148228,地铁,5,永福
3310,413106148229,地铁,5,永福
3310,413106148230,地铁,5,永福
3310,413106148231,地铁,5,永福
3310,413106148232,地铁,5,永福
3310,413106148233,地铁,5,永福
3310,413106148234,地铁,5,永福
3310,413106148235,地铁,5,永福
3310,413106148236,地铁,5,永福
3310,413106148237,地铁,5,永福
3310,413106148238,地铁,5,永福
3310,413106148239,地铁,5,永福
3310,413106148240,地铁,5,永福
3310,413106148241,地铁,5,永福
3310,413106148242,地铁,5,永福
3310,413106148244,地铁,5,杭师大仓前
3310,413106148245,地铁,5,杭师大仓前
3310,413106148246,地铁,5,杭师大仓前
3310,413106148247,地铁,5,杭师大仓前
3310,413106148248,地铁,5,杭师大仓前
3310,413106148249,地铁,5,杭师大仓前
3310,413106148250,地铁,5,杭师大仓前
3310,413106148251,地铁,5,杭师大仓前
3310,413106148252,地铁,5,杭师大仓前
3310,413106148253,地铁,5,杭师大仓前
3310,413106148254,地铁,5,杭师大仓前
3310,413106148255,地铁,5,杭师大仓前
3310,413106148256,地铁,5,杭师大仓前
3310,413106148257,地铁,5,杭师大仓前
3310,413106148258,地铁,5,杭师大仓前
3310,413106148259,地铁,5,杭师大仓前
3310,413106148260,地铁,5,杭师大仓前
3310,413106148261,地铁,5,杭师大仓前
3310,413106148262,地铁,5,杭师大仓前
3310,413106148263,地铁,5,杭师大仓前
3310,413106148264,地铁,5,杭师大仓前
3310,413106148265,地铁,5,良睦路
3310,413106148266,地铁,5,良睦路
3310,413106148267,地铁,5,良睦路
3310,413106148268,地铁,5,良睦路
3310,413106148269,地铁,5,良睦路
3310,413106148270,地铁,5,良睦路
3310,413106148271,地铁,5,良睦路
3310,413106148272,地铁,5,良睦路
3310,413106148273,地铁,5,良睦路
3310,413106148274,地铁,5,良睦路
3310,413106148275,地铁,5,良睦路
3310,413106148276,地铁,5,良睦路
3310,413106148277,地铁,5,良睦路
3310,413106148278,地铁,5,良睦路
3310,413106148279,地铁,5,良睦路
3310,413106148280,地铁,5,良睦路
3310,413106148281,地铁,5,良睦路
3310,413106148282,地铁,5,良睦路
3310,413106148283,地铁,5,良睦路
3310,413106148284,地铁,5,良睦路
3310,413106148285,地铁,5,良睦路
3310,413106148286,地铁,5,良睦路
3310,413106148287,地铁,5,良睦路
3310,413106148288,地铁,5,良睦路
3310,413106148289,地铁,5,良睦路
3310,413106148290,地铁,5,良睦路
3310,413106148291,地铁,5,良睦路
3310,413106148292,地铁,5,良睦路
3310,413106148293,地铁,5,良睦路
3310,413106148294,地铁,5,良睦路
3310,413106148295,地铁,5,良睦路
3310,413106148296,地铁,5,良睦路
3310,413106148297,地铁,5,良睦路
3310,413106148298,地铁,5,良睦路
3310,413106148299,地铁,5,良睦路
3310,413106148300,地铁,5,良睦路
3310,413106148301,地铁,5,良睦路
3310,413106148302,地铁,5,良睦路
3310,413106148303,地铁,5,良睦路
3310,413106148304,地铁,5,良睦路
3310,413106148305,地铁,5,良睦路
3310,413106148306,地铁,5,良睦路
3310,413106148307,地铁,5,良睦路
3310,413106148308,地铁,5,良睦路
3310,413106148309,地铁,5,良睦路
3310,413106148310,地铁,5,良睦路
3310,413106148311,地铁,5,良睦路
3310,413106148312,地铁,5,良睦路
3310,413106148313,地铁,5,良睦路
3310,413106148314,地铁,5,良睦路
3310,413106148315,地铁,5,良睦路
3310,413106148316,地铁,5,良睦路
3310,413106148318,地铁,5,萍水街
3310,413106148319,地铁,5,萍水街
3310,413106148320,地铁,5,萍水街
3310,413106148321,地铁,5,萍水街
3310,413106148322,地铁,5,萍水街
3310,413106148323,地铁,5,萍水街
3310,413106148324,地铁,5,萍水街
3310,413106148325,地铁,5,萍水街
3310,413106148326,地铁,5,萍水街
3310,413106148327,地铁,5,萍水街
3310,413106148328,地铁,5,萍水街
3310,413106148329,地铁,5,萍水街
3310,413106148330,地铁,5,萍水街
3310,413106148331,地铁,5,萍水街
3310,413106148332,地铁,5,三坝
3310,413106148333,地铁,5,三坝
3310,413106148334,地铁,5,三坝
3310,413106148335,地铁,5,三坝
3310,413106148336,地铁,5,三坝
3310,413106148337,地铁,5,三坝
3310,413106148338,地铁,5,三坝
3310,413106148339,地铁,5,三坝
3310,413106148340,地铁,5,三坝
3310,413106148341,地铁,5,三坝
3310,413106148342,地铁,5,三坝
3310,413106148343,地铁,5,三坝
3310,413106148344,地铁,5,三坝
3310,413106148345,地铁,5,三坝
3310,413106148346,地铁,5,三坝
3310,413106148347,地铁,5,三坝
3310,413106148348,地铁,5,三坝
3310,413106148349,地铁,5,三坝
3310,413106148350,地铁,5,三坝
3310,413106148351,地铁,5,三坝
3310,413106148352,地铁,5,三坝
3310,413106148353,地铁,5,三坝
3310,413106148354,地铁,5,三坝
3310,413106148355,地铁,5,三坝
3310,413106148356,地铁,5,浙大紫金港
3310,413106148357,地铁,5,浙大紫金港
3310,413106148358,地铁,5,浙大紫金港
3310,413106148359,地铁,5,浙大紫金港
3310,413106148360,地铁,5,浙大紫金港
3310,413106148361,地铁,5,浙大紫金港
3310,413106148362,地铁,5,浙大紫金港
3310,413106148363,地铁,5,浙大紫金港
3310,413106148364,地铁,5,浙大紫金港
3310,413106148365,地铁,5,浙大紫金港
3310,413106148366,地铁,5,浙大紫金港
3310,413106148367,地铁,5,浙大紫金港
3310,413106148368,地铁,5,浙大紫金港
3310,413106148369,地铁,5,浙大紫金港
3310,413106148370,地铁,5,浙大紫金港
3310,413106148371,地铁,5,浙大紫金港
3310,413106148372,地铁,5,浙大紫金港
3310,413106148373,地铁,5,浙大紫金港
3310,413106148374,地铁,5,浙大紫金港
3310,413106148375,地铁,5,浙大紫金港
3310,413106148376,地铁,5,蒋村
3310,413106148377,地铁,5,蒋村
3310,413106148378,地铁,5,蒋村
3310,413106148379,地铁,5,蒋村
3310,413106148380,地铁,5,蒋村
3310,413106148381,地铁,5,蒋村
3310,413106148382,地铁,5,蒋村
3310,413106148383,地铁,5,蒋村
3310,413106148384,地铁,5,蒋村
3310,413106148385,地铁,5,蒋村
3310,413106148386,地铁,5,蒋村
3310,413106148387,地铁,5,蒋村
3310,413106148388,地铁,5,蒋村
3310,413106148389,地铁,5,蒋村
3310,413106148390,地铁,5,蒋村
3310,413106148391,地铁,5,蒋村
3310,413106148392,地铁,5,蒋村
3310,413106148393,地铁,5,蒋村
3310,413106148394,地铁,5,蒋村
3310,413106148395,地铁,5,蒋村
3310,413106148396,地铁,5,五常
3310,413106148397,地铁,5,五常
3310,413106148398,地铁,5,五常
3310,413106148399,地铁,5,五常
3310,413106148400,地铁,5,五常
3310,413106148401,地铁,5,五常
3310,413106148402,地铁,5,五常
3310,413106148403,地铁,5,五常
3310,413106148404,地铁,5,五常
3310,413106148405,地铁,5,五常
3310,413106148406,地铁,5,五常
3310,413106148407,地铁,5,五常
3310,413106148408,地铁,5,五常
3310,413106148409,地铁,5,五常
3310,413106148410,地铁,5,五常
3310,413106148411,地铁,5,五常
3310,413106148412,地铁,5,五常
3310,413106148413,地铁,5,五常
3310,413106148414,地铁,5,五常
3310,413106148415,地铁,5,五常
3310,413106148416,地铁,5,五常
3310,413106148417,地铁,5,五常
3310,413106148423,地铁,1,客运中心
3310,413106148424,地铁,1,客运中心
3310,413106148425,地铁,1,客运中心
3310,413106148426,地铁,1,客运中心
3310,413106148427,地铁,1,客运中心
3310,413106148428,地铁,1,客运中心
3310,413106148429,地铁,1,客运中心
3310,413106148430,地铁,1,客运中心
3310,413106148431,地铁,1,客运中心
3310,413106148432,地铁,1,客运中心
3310,413106148433,地铁,1,客运中心
3310,413106148434,地铁,1,客运中心
3310,413106148435,地铁,1,客运中心
3310,413106148436,地铁,1,客运中心
3310,413106148437,地铁,1,九堡
3310,413106148438,地铁,1,九堡
3310,413106148439,地铁,1,九堡
3310,413106148440,地铁,1,九堡
3310,413106148441,地铁,1,九堡
3310,413106148442,地铁,1,九堡
3310,413106148443,地铁,1,九堡
3310,413106148444,地铁,1,九堡
3310,413106148445,地铁,1,九堡
3310,413106148446,地铁,1,九堡
3310,413106148447,地铁,1,九堡
3310,413106148448,地铁,1,九堡
3310,413106148449,地铁,1,九堡
3310,413106148450,地铁,1,九堡
3310,413106148451,地铁,1,九堡
3310,413106148452,地铁,1,九堡
3310,413106148453,地铁,1,九堡
3310,413106148454,地铁,1,九和路
3310,413106148455,地铁,1,九和路
3310,413106148456,地铁,1,九和路
3310,413106148457,地铁,1,九和路
3310,413106148458,地铁,1,九和路
3310,413106148459,地铁,1,九和路
3310,413106148460,地铁,1,九和路
3310,413106148461,地铁,1,九和路
3310,413106148462,地铁,1,九和路
3310,413106148463,地铁,1,九和路
3310,413106148464,地铁,1,九和路
3310,413106148465,地铁,1,九和路
3310,413106148466,地铁,1,九和路
3310,413106148467,地铁,1,九和路
3310,413106148468,地铁,1,九和路
3310,413106148473,地铁,1,彭埠
3310,413106148474,地铁,1,彭埠
3310,413106148475,地铁,1,彭埠
3310,413106148476,地铁,1,彭埠
3310,413106148484,地铁,1,金沙湖
3310,413106148485,地铁,1,金沙湖
3310,413106148486,地铁,1,金沙湖
3310,413106148487,地铁,1,金沙湖
3310,413106148488,地铁,1,金沙湖
3310,413106148489,地铁,1,金沙湖
3310,413106148490,地铁,1,金沙湖
3310,413106148491,地铁,1,下沙西
3310,413106148492,地铁,1,下沙西
3310,413106148493,地铁,1,下沙西
3310,413106148494,地铁,1,下沙西
3310,413106148495,地铁,1,下沙西
3310,413106148496,地铁,1,下沙西
3310,413106148497,地铁,1,下沙西
3310,413106148498,地铁,1,下沙西
3310,413106148499,地铁,1,下沙西
3310,413106148500,地铁,1,下沙西
3310,413106148501,地铁,1,下沙西
3310,413106148502,地铁,1,下沙西
3310,413106148503,地铁,1,下沙西
3310,413106148504,地铁,1,下沙西
3310,413106148505,地铁,1,下沙西
3310,413106148506,地铁,1,下沙西
3310,413106148507,地铁,1,下沙西
3310,413106148509,地铁,1,客运中心
3310,413106148510,地铁,1,客运中心
3310,413106148511,地铁,1,客运中心
3310,413106148512,地铁,1,客运中心
3310,413106148513,地铁,1,客运中心
3310,413106148514,地铁,1,客运中心
3310,413106148515,地铁,1,客运中心
3310,413106148516,地铁,1,客运中心
3310,413106148517,地铁,1,客运中心
3310,413106148518,地铁,1,客运中心
3310,413106148519,地铁,1,客运中心
3310,413106148520,地铁,1,客运中心
3310,413106148521,地铁,1,客运中心
3310,413106148522,地铁,1,客运中心
3310,413106148523,地铁,1,客运中心
3310,413106148524,地铁,1,客运中心
3310,413106148525,地铁,1,客运中心
3310,413106148526,地铁,1,客运中心
3310,413106148527,地铁,1,客运中心
3310,413106148528,地铁,1,客运中心
3310,413106148529,地铁,1,客运中心
3310,413106148530,地铁,1,客运中心
3310,413106148531,地铁,1,客运中心
3310,413106148532,地铁,1,客运中心
3310,413106148533,地铁,1,客运中心
3310,413106148534,地铁,1,客运中心
3310,413106148535,地铁,1,客运中心
3310,413106148541,地铁,9,乔司南
3310,413106148542,地铁,9,乔司南
3310,413106148543,地铁,9,乔司南
3310,413106148544,地铁,9,乔司南
3310,413106148545,地铁,9,乔司南
3310,413106148546,地铁,9,乔司南
3310,413106148547,地铁,9,乔司南
3310,413106148548,地铁,9,乔司南
3310,413106148549,地铁,9,乔司南
3310,413106148550,地铁,9,乔司南
3310,413106148551,地铁,9,乔司南
3310,413106148552,地铁,9,乔司南
3310,413106148553,地铁,9,乔司南
3310,413106148554,地铁,9,乔司南
3310,413106148555,地铁,9,乔司南
3310,413106148560,地铁,1,文泽路
3310,413106148561,地铁,1,文泽路
3310,413106148562,地铁,1,文泽路
3310,413106148563,地铁,1,文泽路
3310,413106148564,地铁,1,文泽路
3310,413106148565,地铁,1,文泽路
3310,413106148566,地铁,1,文泽路
3310,413106148567,地铁,1,文泽路
3310,413106148568,地铁,1,文泽路
3310,413106148569,地铁,1,文泽路
3310,413106148570,地铁,1,文泽路
3310,413106148571,地铁,1,文泽路
3310,413106148572,地铁,1,文泽路
3310,413106148573,地铁,1,文泽路
3310,413106148574,地铁,1,文泽路
3310,413106148575,地铁,1,文泽路
3310,413106148576,地铁,1,文泽路
3310,413106148577,地铁,1,文泽路
3310,413106148578,地铁,1,文泽路
3310,413106148579,地铁,1,文泽路
3310,413106148580,地铁,1,文泽路
3310,413106148581,地铁,1,文泽路
3310,413106148582,地铁,1,文泽路
3310,413106148583,地铁,1,文泽路
3310,413106148584,地铁,1,高沙路
3310,413106148585,地铁,1,高沙路
3310,413106148586,地铁,1,高沙路
3310,413106148587,地铁,1,高沙路
3310,413106148588,地铁,1,高沙路
3310,413106148589,地铁,1,高沙路
3310,413106148590,地铁,1,高沙路
3310,413106148591,地铁,1,高沙路
3310,413106148592,地铁,1,高沙路
3310,413106148593,地铁,1,高沙路
3310,413106148594,地铁,1,高沙路
3310,413106148595,地铁,1,高沙路
3310,413106148596,地铁,1,高沙路
3310,413106148597,地铁,1,高沙路
3310,413106148598,地铁,1,高沙路
3310,413106148599,地铁,1,高沙路
3310,413106148600,地铁,1,高沙路
3310,413106148601,地铁,1,金沙湖
3310,413106148602,地铁,1,金沙湖
3310,413106148603,地铁,1,金沙湖
3310,413106148604,地铁,1,金沙湖
3310,413106148605,地铁,1,金沙湖
3310,413106148606,地铁,1,金沙湖
3310,413106148607,地铁,1,金沙湖
3310,413106148608,地铁,1,金沙湖
3310,413106148609,地铁,1,金沙湖
3310,413106148610,地铁,1,金沙湖
3310,413106148611,地铁,1,金沙湖
3310,413106148612,地铁,1,金沙湖
3310,413106148613,地铁,1,金沙湖
3310,413106148614,地铁,1,金沙湖
3310,413106148615,地铁,1,金沙湖
3310,413106148616,地铁,1,金沙湖
3310,413106148617,地铁,1,金沙湖
3310,413106148618,地铁,1,金沙湖
3310,413106148619,地铁,16,青山湖
3310,413106148620,地铁,16,青山湖
3310,413106148621,地铁,16,青山湖
3310,413106148622,地铁,16,青山湖
3310,413106148623,地铁,16,青山湖
3310,413106148624,地铁,16,青山湖
3310,413106148625,地铁,16,青山湖
3310,413106148626,地铁,16,青山湖
3310,413106148627,地铁,16,青山湖
3310,413106148628,地铁,16,青山湖
3310,413106148629,地铁,16,青山湖
3310,413106148630,地铁,16,青山湖
3310,413106148633,地铁,5,人民广场
3310,413106148635,地铁,16,农林大学
3310,413106148636,地铁,16,农林大学
3310,413106148637,地铁,16,农林大学
3310,413106148638,地铁,16,农林大学
3310,413106148639,地铁,16,农林大学
3310,413106148640,地铁,16,农林大学
3310,413106148641,地铁,16,农林大学
3310,413106148642,地铁,16,农林大学
3310,413106148643,地铁,16,农林大学
3310,413106148644,地铁,16,农林大学
3310,413106148645,地铁,16,农林大学
3310,413106148646,地铁,16,农林大学
3310,413106148647,地铁,16,农林大学
3310,413106148648,地铁,16,农林大学
3310,413106148649,地铁,16,农林大学
3310,413106148650,地铁,16,农林大学
3310,413106148651,地铁,16,农林大学
3310,413106148653,地铁,5,人民广场
3310,413106148657,地铁,16,临安广场
3310,413106148658,地铁,16,临安广场
3310,413106148659,地铁,16,临安广场
3310,413106148660,地铁,16,临安广场
3310,413106148661,地铁,16,临安广场
3310,413106148662,地铁,16,临安广场
3310,413106148663,地铁,16,临安广场
3310,413106148664,地铁,16,临安广场
3310,413106148665,地铁,16,临安广场
3310,413106148666,地铁,16,临安广场
3310,413106148667,地铁,16,临安广场
3310,413106148668,地铁,16,临安广场
3310,413106148669,地铁,16,临安广场
3310,413106148670,地铁,16,临安广场
3310,413106148671,地铁,16,临安广场
3310,413106148672,地铁,16,临安广场
3310,413106148673,地铁,16,临安广场
3310,413106148674,地铁,16,临安广场
3310,413106148675,地铁,16,临安广场
3310,413106148676,地铁,16,临安广场
3310,413106148677,地铁,16,临安广场
3310,413106148680,地铁,5,人民广场
3310,413106148682,地铁,16,九州街
3310,413106148683,地铁,16,九州街
3310,413106148684,地铁,16,九州街
3310,413106148685,地铁,16,九州街
3310,413106148686,地铁,16,九州街
3310,413106148687,地铁,16,九州街
3310,413106148688,地铁,16,九州街
3310,413106148689,地铁,16,九州街
3310,413106148690,地铁,16,九州街
3310,413106148691,地铁,16,九州街
3310,413106148692,地铁,16,九州街
3310,413106148693,地铁,16,九州街
3310,413106148694,地铁,16,九州街
3310,413106148695,地铁,16,九州街
3310,413106148696,地铁,16,九州街
3310,413106148697,地铁,16,九州街
3310,413106148698,地铁,16,九州街
3310,413106148699,地铁,16,九州街
3310,413106148701,地铁,9,乔司
3310,413106148709,地铁,9,乔司南
3310,413106148713,地铁,5,人民广场
3310,413106148715,地铁,16,中泰
3310,413106148716,地铁,16,中泰
3310,413106148717,地铁,16,中泰
3310,413106148718,地铁,16,中泰
3310,413106148719,地铁,16,中泰
3310,413106148720,地铁,16,中泰
3310,413106148721,地铁,16,中泰
3310,413106148722,地铁,16,中泰
3310,413106148723,地铁,16,中泰
3310,413106148724,地铁,16,中泰
3310,413106148725,地铁,16,中泰
3310,413106148726,地铁,16,中泰
3310,413106148727,地铁,16,中泰
3310,413106148728,地铁,16,中泰
3310,413106148729,地铁,16,中泰
3310,413106148730,地铁,16,中泰
3310,413106148731,地铁,16,中泰
3310,413106148732,地铁,16,中泰
3310,413106148735,地铁,5,人民广场
3310,413106148737,地铁,16,南湖
3310,413106148738,地铁,16,南湖
3310,413106148739,地铁,16,南湖
3310,413106148740,地铁,16,南湖
3310,413106148741,地铁,16,南湖
3310,413106148742,地铁,16,南湖
3310,413106148743,地铁,16,南湖
3310,413106148744,地铁,16,南湖
3310,413106148745,地铁,16,南湖
3310,413106148746,地铁,16,南湖
3310,413106148747,地铁,16,南湖
3310,413106148749,地铁,5,人民广场
3310,413106148753,地铁,16,南峰
3310,413106148754,地铁,16,南峰
3310,413106148755,地铁,16,南峰
3310,413106148756,地铁,16,南峰
3310,413106148757,地铁,16,南峰
3310,413106148758,地铁,16,南峰
3310,413106148759,地铁,16,南峰
3310,413106148760,地铁,16,南峰
3310,413106148761,地铁,16,南峰
3310,413106148762,地铁,16,南峰
3310,413106148763,地铁,16,南峰
3310,413106148764,地铁,16,南峰
3310,413106148765,地铁,16,南峰
3310,413106148767,地铁,5,人民广场
3310,413106148769,地铁,16,青山湖科技城
3310,413106148770,地铁,16,青山湖科技城
3310,413106148771,地铁,16,青山湖科技城
3310,413106148772,地铁,16,青山湖科技城
3310,413106148773,地铁,16,青山湖科技城
3310,413106148774,地铁,16,青山湖科技城
3310,413106148775,地铁,16,青山湖科技城
3310,413106148776,地铁,16,青山湖科技城
3310,413106148777,地铁,16,青山湖科技城
3310,413106148778,地铁,16,青山湖科技城
3310,413106148779,地铁,16,青山湖科技城
3310,413106148780,地铁,16,青山湖科技城
3310,413106148781,地铁,16,青山湖科技城
3310,413106148782,地铁,16,青山湖科技城
3310,413106148783,地铁,16,青山湖科技城
3310,413106148784,地铁,16,青山湖科技城
3310,413106148785,地铁,16,青山湖科技城
3310,413106148787,地铁,5,人民广场
3310,413106148788,地铁,5,人民广场
3310,413106148789,地铁,5,人民广场
3310,413106148791,地铁,16,八百里
3310,413106148792,地铁,16,八百里
3310,413106148793,地铁,16,八百里
3310,413106148794,地铁,16,八百里
3310,413106148795,地铁,16,八百里
3310,413106148796,地铁,16,八百里
3310,413106148797,地铁,16,八百里
3310,413106148798,地铁,16,八百里
3310,413106148799,地铁,16,八百里
3310,413106148800,地铁,16,八百里
3310,413106148801,地铁,16,八百里
3310,413106148802,地铁,16,八百里
3310,413106148803,地铁,16,八百里
3310,413106148804,地铁,16,八百里
3310,413106148805,地铁,16,八百里
3310,413106148806,地铁,16,八百里
3310,413106148807,地铁,16,八百里
3310,413106148808,地铁,16,八百里
3310,413106148813,地铁,16,青山湖
3310,413106148814,地铁,16,青山湖
3310,413106148815,地铁,16,青山湖
3310,413106148816,地铁,16,青山湖
3310,413106148817,地铁,16,青山湖
3310,413106148818,地铁,16,青山湖
3310,413106148819,地铁,1,七堡
3310,413106148820,地铁,1,七堡
3310,413106148821,地铁,1,七堡
3310,413106148822,地铁,1,七堡
3310,413106148823,地铁,1,七堡
3310,413106148824,地铁,1,七堡
3310,413106148826,地铁,9,余杭高铁站
3310,413106148829,地铁,1,江陵路
3310,413106148830,地铁,1,江陵路
3310,413106148831,地铁,1,江陵路
3310,413106148832,地铁,1,江陵路
3310,413106148833,地铁,1,江陵路
3310,413106148834,地铁,1,江陵路
3310,413106148835,地铁,1,江陵路
3310,413106148836,地铁,1,江陵路
3310,413106148837,地铁,1,江陵路
3310,413106148838,地铁,1,江陵路
3310,413106148839,地铁,1,江陵路
3310,413106148840,地铁,1,江陵路
3310,413106148841,地铁,1,江陵路
3310,413106148842,地铁,1,江陵路
3310,413106148843,地铁,1,江陵路
3310,413106148844,地铁,1,江陵路
3310,413106148845,地铁,1,江陵路
3310,413106148846,地铁,1,江陵路
3310,413106148847,地铁,1,江陵路
3310,413106148848,地铁,1,江陵路
3310,413106148849,地铁,1,江陵路
3310,413106148850,地铁,1,江陵路
3310,413106148851,地铁,1,江陵路
3310,413106148852,地铁,1,江陵路
3310,413106148853,地铁,1,江陵路
3310,413106148854,地铁,1,江陵路
3310,413106148855,地铁,1,江陵路
3310,413106148856,地铁,1,江陵路
3310,413106148857,地铁,1,江陵路
3310,413106148858,地铁,1,江陵路
3310,413106148859,地铁,1,江陵路
3310,413106148860,地铁,1,江陵路
3310,413106148861,地铁,1,江陵路
3310,413106148862,地铁,1,江陵路
3310,413106148864,地铁,5,育才北路
3310,413106148866,地铁,16,凤新路
3310,413106148867,地铁,16,凤新路
3310,413106148868,地铁,16,凤新路
3310,413106148869,地铁,16,凤新路
3310,413106148870,地铁,16,凤新路
3310,413106148871,地铁,16,凤新路
3310,413106148872,地铁,16,凤新路
3310,413106148873,地铁,16,凤新路
3310,413106148874,地铁,16,凤新路
3310,413106148875,地铁,16,凤新路
3310,413106148876,地铁,16,凤新路
3310,413106148877,地铁,16,凤新路
3310,413106148878,地铁,16,凤新路
3310,413106148879,地铁,16,凤新路
3310,413106148880,地铁,16,凤新路
3310,413106148881,地铁,16,凤新路
3310,413106148882,地铁,16,凤新路
3310,413106148883,地铁,16,凤新路
3310,413106148889,地铁,16,禹航路
3310,413106148890,地铁,16,禹航路
3310,413106148891,地铁,16,禹航路
3310,413106148892,地铁,16,禹航路
3310,413106148893,地铁,16,禹航路
3310,413106148894,地铁,16,禹航路
3310,413106148895,地铁,16,禹航路
3310,413106148896,地铁,16,禹航路
3310,413106148897,地铁,16,禹航路
3310,413106148898,地铁,16,禹航路
3310,413106148899,地铁,16,禹航路
3310,413106148900,地铁,16,禹航路
3310,413106148901,地铁,16,禹航路
3310,413106148902,地铁,16,禹航路
3310,413106148903,地铁,16,禹航路
3310,413106148904,地铁,16,禹航路
3310,413106148905,地铁,5,良睦路
3310,413106148907,地铁,5,创景路
3310,413106148908,地铁,5,创景路
3310,413106148909,地铁,5,创景路
3310,413106148910,地铁,5,创景路
3310,413106148911,地铁,5,创景路
3310,413106148912,地铁,5,创景路
3310,413106148913,地铁,5,创景路
3310,413106148914,地铁,5,创景路
3310,413106148915,地铁,5,创景路
3310,413106148916,地铁,5,创景路
3310,413106148917,地铁,5,创景路
3310,413106148918,地铁,5,创景路
3310,413106148919,地铁,5,创景路
3310,413106148920,地铁,5,创景路
3310,413106148921,地铁,5,创景路
3310,413106148922,地铁,5,创景路
3310,413106148923,地铁,5,创景路
3310,413106148924,地铁,5,创景路
3310,413106148925,地铁,5,创景路
3310,413106148926,地铁,5,创景路
3310,413106148927,地铁,5,创景路
3310,413106148928,地铁,5,创景路
3310,413106148929,地铁,5,创景路
3310,413106148930,地铁,5,创景路
3310,413106148933,地铁,2,古翠路
3310,413106148934,地铁,2,古翠路
3310,413106148935,地铁,2,古翠路
3310,413106148936,地铁,2,古翠路
3310,413106148937,地铁,2,古翠路
3310,413106148938,地铁,2,古翠路
3310,413106148939,地铁,2,古翠路
3310,413106148940,地铁,2,古翠路
3310,413106148941,地铁,2,古翠路
3310,413106148942,地铁,2,古翠路
3310,413106148943,地铁,2,古翠路
3310,413106148944,地铁,2,古翠路
3310,413106148945,地铁,2,古翠路
3310,413106148946,地铁,2,古翠路
3310,413106148947,地铁,2,古翠路
3310,413106148948,地铁,2,古翠路
3310,413106148949,地铁,2,古翠路
3310,413106148950,地铁,2,古翠路
3310,413106148951,地铁,2,古翠路
3310,413106148952,地铁,2,古翠路
3310,413106148953,地铁,2,古翠路
3310,413106148954,地铁,2,古翠路
3310,413106148955,地铁,2,古翠路
3310,413106148956,地铁,2,古翠路
3310,413106148957,地铁,2,古翠路
3310,413106148958,地铁,2,古翠路
3310,413106148960,地铁,4,江锦路
3310,413106148961,地铁,4,江锦路
3310,413106148962,地铁,4,江锦路
3310,413106148963,地铁,4,江锦路
3310,413106148964,地铁,4,江锦路
3310,413106148965,地铁,4,江锦路
3310,413106148966,地铁,4,江锦路
3310,413106148967,地铁,4,江锦路
3310,413106148968,地铁,4,江锦路
3310,413106148969,地铁,4,江锦路
3310,413106148970,地铁,4,江锦路
3310,413106148971,地铁,4,江锦路
3310,413106148972,地铁,4,江锦路
3310,413106148973,地铁,4,江锦路
3310,413106148974,地铁,4,江锦路
3310,413106148975,地铁,4,江锦路
3310,413106148976,地铁,4,江锦路
3310,413106148977,地铁,4,江锦路
3310,413106148978,地铁,4,江锦路
3310,413106148979,地铁,4,江锦路
3310,413106148980,地铁,4,江锦路
3310,413106148981,地铁,4,江锦路
3310,413106148982,地铁,4,江锦路
3310,413106148983,地铁,4,江锦路
3310,413106148984,地铁,4,江锦路
3310,413106148985,地铁,4,江锦路
3310,413106148986,地铁,4,江锦路
3310,413106148987,地铁,4,江锦路
3310,413106148988,地铁,4,江锦路
3310,413106148989,地铁,4,江锦路
3310,413106148990,地铁,4,江锦路
3310,413106148991,地铁,4,江锦路
3310,413106148992,地铁,4,江锦路
3310,413106148993,地铁,4,江锦路
3310,413106148994,地铁,4,江锦路
3310,413106148995,地铁,4,江锦路
3310,413106148996,地铁,4,江锦路
3310,413106148997,地铁,4,江锦路
3310,413106148998,地铁,4,江锦路
3310,413106148999,地铁,4,江锦路
3310,413106149000,地铁,4,江锦路
3310,413106149001,地铁,4,江锦路
3310,413106149002,地铁,4,江锦路
3310,413106149003,地铁,4,江锦路
3310,413106149004,地铁,4,江锦路
3310,413106149005,地铁,4,江锦路
3310,413106149006,地铁,4,江锦路
3310,413106149007,地铁,4,江锦路
3310,413106149009,地铁,1,七堡
3310,413106149010,地铁,1,七堡
3310,413106149011,地铁,1,七堡
3310,413106149012,地铁,1,七堡
3310,413106149013,地铁,1,七堡
3310,413106149014,地铁,1,七堡
3310,413106149015,地铁,1,七堡
3310,413106149020,地铁,5,杭氧
3310,413106149022,地铁,5,香积寺路
3310,413106149023,地铁,5,香积寺路
3310,413106149024,地铁,5,香积寺路
3310,413106149025,地铁,5,香积寺路
3310,413106149026,地铁,5,香积寺路
3310,413106149027,地铁,5,香积寺路
3310,413106149028,地铁,5,香积寺路
3310,413106149029,地铁,5,香积寺路
3310,413106149030,地铁,5,香积寺路
3310,413106149031,地铁,5,香积寺路
3310,413106149032,地铁,5,香积寺路
3310,413106149033,地铁,5,香积寺路
3310,413106149034,地铁,5,香积寺路
3310,413106149035,地铁,5,香积寺路
3310,413106149036,地铁,5,香积寺路
3310,413106149037,地铁,5,香积寺路
3310,413106149038,地铁,5,香积寺路
3310,413106149039,地铁,5,香积寺路
3310,413106149040,地铁,5,香积寺路
3310,413106149041,地铁,5,香积寺路
3310,413106149042,地铁,5,香积寺路
3310,413106149043,地铁,5,香积寺路
3310,413106149044,地铁,5,香积寺路
3310,413106149045,地铁,5,香积寺路
3310,413106149046,地铁,5,香积寺路
3310,413106149047,地铁,5,西文街
3310,413106149048,地铁,5,西文街
3310,413106149049,地铁,5,西文街
3310,413106149050,地铁,5,西文街
3310,413106149051,地铁,5,西文街
3310,413106149052,地铁,5,西文街
3310,413106149053,地铁,5,西文街
3310,413106149054,地铁,5,西文街
3310,413106149055,地铁,5,西文街
3310,413106149056,地铁,5,西文街
3310,413106149057,地铁,5,西文街
3310,413106149058,地铁,5,西文街
3310,413106149059,地铁,5,西文街
3310,413106149060,地铁,5,西文街
3310,413106149061,地铁,5,西文街
3310,413106149062,地铁,5,西文街
3310,413106149063,地铁,5,西文街
3310,413106149064,地铁,5,西文街
3310,413106149065,地铁,5,西文街
3310,413106149066,地铁,5,西文街
3310,413106149067,地铁,5,西文街
3310,413106149068,地铁,5,西文街
3310,413106149069,地铁,5,葛巷
3310,413106149070,地铁,5,葛巷
3310,413106149071,地铁,5,葛巷
3310,413106149072,地铁,5,葛巷
3310,413106149073,地铁,5,葛巷
3310,413106149074,地铁,5,葛巷
3310,413106149075,地铁,5,葛巷
3310,413106149096,地铁,5,打铁关
3310,413106149097,地铁,5,打铁关
3310,413106149098,地铁,5,打铁关
3310,413106149099,地铁,5,打铁关
3310,413106149100,地铁,5,打铁关
3310,413106149101,地铁,5,打铁关
3310,413106149102,地铁,5,打铁关
3310,413106149103,地铁,5,打铁关
3310,413106149104,地铁,5,打铁关
3310,413106149105,地铁,5,打铁关
3310,413106149106,地铁,5,打铁关
3310,413106149107,地铁,5,打铁关
3310,413106149108,地铁,5,打铁关
3310,413106149109,地铁,5,打铁关
3310,413106149110,地铁,5,打铁关
3310,413106149111,地铁,5,打铁关
3310,413106149112,地铁,5,打铁关
3310,413106149113,地铁,5,打铁关
3310,413106149114,地铁,5,杭氧
3310,413106149115,地铁,5,杭氧
3310,413106149116,地铁,5,杭氧
3310,413106149117,地铁,5,杭氧
3310,413106149118,地铁,5,杭氧
3310,413106149119,地铁,5,杭氧
3310,413106149120,地铁,5,杭氧
3310,413106149121,地铁,5,杭氧
3310,413106149122,地铁,5,杭氧
3310,413106149123,地铁,5,杭氧
3310,413106149124,地铁,5,杭氧
3310,413106149125,地铁,5,杭氧
3310,413106149126,地铁,5,杭氧
3310,413106149127,地铁,5,杭氧
3310,413106149128,地铁,5,杭氧
3310,413106149129,地铁,5,杭氧
3310,413106149130,地铁,5,杭氧
3310,413106149134,地铁,5,城站
3310,413106149135,地铁,5,城站
3310,413106149136,地铁,5,城站
3310,413106149137,地铁,5,城站
3310,413106149138,地铁,5,城站
3310,413106149139,地铁,5,城站
3310,413106149140,地铁,5,城站
3310,413106149141,地铁,5,城站
3310,413106149142,地铁,5,城站
3310,413106149143,地铁,5,城站
3310,413106149144,地铁,5,城站
3310,413106149145,地铁,5,城站
3310,413106149146,地铁,5,城站
3310,413106149147,地铁,5,城站
3310,413106149148,地铁,5,城站
3310,413106149149,地铁,5,城站
3310,413106149150,地铁,5,城站
3310,413106149151,地铁,5,城站
3310,413106149152,地铁,5,城站
3310,413106149153,地铁,5,城站
3310,413106149154,地铁,5,城站
3310,413106149155,地铁,5,城站
3310,413106149156,地铁,5,城站
3310,413106149157,地铁,5,城站
3310,413106149158,地铁,5,城站
3310,413106149159,地铁,5,城站
3310,413106149160,地铁,5,城站
3310,413106149161,地铁,5,城站
3310,413106149162,地铁,5,城站
3310,413106149163,地铁,5,城站
3310,413106149164,地铁,5,城站
3310,413106149165,地铁,5,城站
3310,413106149166,地铁,5,城站
3310,413106149167,地铁,5,城站
3310,413106149168,地铁,5,城站
3310,413106149169,地铁,5,城站
3310,413106149170,地铁,5,城站
3310,413106149171,地铁,5,城站
3310,413106149172,地铁,5,城站
3310,413106149173,地铁,5,城站
3310,413106149174,地铁,5,城站
3310,413106149175,地铁,5,城站
3310,413106149176,地铁,5,城站
3310,413106149177,地铁,5,城站
3310,413106149178,地铁,5,城站
3310,413106149179,地铁,5,城站
3310,413106149180,地铁,5,城站
3310,413106149181,地铁,5,城站
3310,413106149182,地铁,5,万安桥
3310,413106149183,地铁,5,万安桥
3310,413106149184,地铁,5,万安桥
3310,413106149185,地铁,5,万安桥
3310,413106149186,地铁,5,万安桥
3310,413106149187,地铁,5,万安桥
3310,413106149188,地铁,5,万安桥
3310,413106149189,地铁,5,万安桥
3310,413106149190,地铁,5,万安桥
3310,413106149191,地铁,5,万安桥
3310,413106149192,地铁,5,万安桥
3310,413106149193,地铁,5,万安桥
3310,413106149194,地铁,5,万安桥
3310,413106149195,地铁,5,万安桥
3310,413106149196,地铁,5,万安桥
3310,413106149197,地铁,5,万安桥
3310,413106149198,地铁,5,万安桥
3310,413106149199,地铁,5,万安桥
3310,413106149200,地铁,5,万安桥
3310,413106149201,地铁,5,万安桥
3310,413106149202,地铁,5,建国北路
3310,413106149203,地铁,5,建国北路
3310,413106149204,地铁,5,建国北路
3310,413106149205,地铁,5,建国北路
3310,413106149206,地铁,5,建国北路
3310,413106149207,地铁,5,建国北路
3310,413106149208,地铁,5,建国北路
3310,413106149209,地铁,5,建国北路
3310,413106149210,地铁,5,建国北路
3310,413106149211,地铁,5,建国北路
3310,413106149212,地铁,5,建国北路
3310,413106149213,地铁,5,建国北路
3310,413106149214,地铁,5,建国北路
3310,413106149219,地铁,5,城站
3310,413106149220,地铁,5,江城路
3310,413106149221,地铁,5,江城路
3310,413106149222,地铁,5,江城路
3310,413106149223,地铁,5,江城路
3310,413106149224,地铁,5,江城路
3310,413106149225,地铁,5,江城路
3310,413106149226,地铁,5,江城路
3310,413106149227,地铁,5,江城路
3310,413106149228,地铁,5,江城路
3310,413106149229,地铁,5,江城路
3310,413106149230,地铁,5,江城路
3310,413106149231,地铁,5,江城路
3310,413106149232,地铁,5,江城路
3310,413106149233,地铁,5,江城路
3310,413106149234,地铁,5,江城路
3310,413106149235,地铁,5,江城路
3310,413106149236,地铁,5,江城路
3310,413106149237,地铁,5,江城路
3310,413106149238,地铁,5,江城路
3310,413106149240,地铁,5,大运河
3310,413106149243,地铁,5,和睦